time,length,frequency,pan,gain,voice,event
0.0,52.8625,0.0,-2.696539702293474e308,0.0,2,0
0.0,0.1,0.7197130992728302,-2.696539702293474e308,1.0,1,0
0.0,0.1,0.9245289006293371,-2.696539702293474e308,1.0,0,0
0.0,52.8625,0.0,-2.696539702293474e308,0.0,4,0
0.0,52.8625,0.0,-2.696539702293474e308,0.0,3,0
0.1,0.1,0.7796178809471852,-2.696539702293474e308,1.0,1,1
0.1,0.1,0.8490578012586742,-2.696539702293474e308,1.0,0,1
0.2,0.1,0.7622162182767288,-2.696539702293474e308,1.0,1,2
0.2,0.1,0.8395226626215401,-2.696539702293474e308,1.0,0,2
0.3,0.1,0.7796178809471852,-2.696539702293474e308,1.0,1,3
0.3,0.1,0.8490578012586742,-2.696539702293474e308,1.0,0,3
0.4,0.1,0.8221209999510837,-2.696539702293474e308,1.0,0,4
0.4,0.1,0.7466499005804208,-2.696539702293474e308,1.0,1,4
0.5,0.1,0.7796178809471852,-2.696539702293474e308,1.0,1,5
0.5,0.1,0.8490578012586742,-2.696539702293474e308,1.0,0,5
0.6,0.1,0.8395226626215401,-2.696539702293474e308,1.0,0,6
0.6,0.1,0.7622162182767288,-2.696539702293474e308,1.0,1,6
0.7,0.1,0.8490578012586742,-2.696539702293474e308,1.0,0,7
0.7,0.1,0.7796178809471852,-2.696539702293474e308,1.0,1,7
0.8,0.1,0.9245289006293371,-2.696539702293474e308,1.0,0,8
0.8,0.1,0.7197130992728302,-2.696539702293474e308,1.0,1,8
0.9,0.1,0.8490578012586742,-2.696539702293474e308,1.0,0,9
0.9,0.1,0.7796178809471852,-2.696539702293474e308,1.0,1,9
1.0,0.1,0.7622162182767288,-2.696539702293474e308,1.0,1,10
1.0,0.1,0.8395226626215401,-2.696539702293474e308,1.0,0,10
1.1,0.1,0.7796178809471852,-2.696539702293474e308,1.0,1,11
1.1,0.1,0.8490578012586742,-2.696539702293474e308,1.0,0,11
1.2,0.1,0.7466499005804208,-2.696539702293474e308,1.0,1,12
1.2,0.1,0.8221209999510837,-2.696539702293474e308,1.0,0,12
1.3,0.1,0.8490578012586742,-2.696539702293474e308,1.0,0,13
1.3,0.1,0.7796178809471852,-2.696539702293474e308,1.0,1,13
1.4,0.1,0.8395226626215401,-2.696539702293474e308,1.0,0,14
1.4,0.1,0.7622162182767288,-2.696539702293474e308,1.0,1,14
1.5,0.1,0.8490578012586742,-2.696539702293474e308,1.0,0,15
1.5,0.1,0.7796178809471852,-2.696539702293474e308,1.0,1,15
1.6,0.1,0.8915609202625728,-2.696539702293474e308,1.0,0,16
1.6,0.1,0.7197130992728302,-2.696539702293474e308,1.0,1,16
1.7,0.1,0.8646241189549821,-2.696539702293474e308,1.0,0,17
1.7,0.1,0.7891530195843194,-2.696539702293474e308,1.0,1,17
1.8,0.1,0.8550889803178481,-2.696539702293474e308,1.0,0,18
1.8,0.1,0.7796178809471852,-2.696539702293474e308,1.0,1,18
1.9,0.1,0.7891530195843194,-2.696539702293474e308,1.0,1,19
1.9,0.1,0.8646241189549821,-2.696539702293474e308,1.0,0,19
2.0,0.1,0.8221209999510837,-2.696539702293474e308,1.0,0,20
2.0,0.1,0.7622162182767288,-2.696539702293474e308,1.0,1,20
2.1,0.1,0.7891530195843194,-2.696539702293474e308,1.0,1,21
2.1,0.1,0.8646241189549821,-2.696539702293474e308,1.0,0,21
2.2,0.1,0.7796178809471852,-2.696539702293474e308,1.0,1,22
2.2,0.1,0.8550889803178481,-2.696539702293474e308,1.0,0,22
2.3,0.1,0.7891530195843194,-2.696539702293474e308,1.0,1,23
2.3,0.1,0.8646241189549821,-2.696539702293474e308,1.0,0,23
2.4,0.1,0.7197130992728302,-2.696539702293474e308,1.0,1,24
2.4,0.1,0.8915609202625728,-2.696539702293474e308,1.0,0,24
2.5,0.1,0.7891530195843194,-2.696539702293474e308,1.0,1,25
2.5,0.1,0.8646241189549821,-2.696539702293474e308,1.0,0,25
2.6,0.1,0.8550889803178481,-2.696539702293474e308,1.0,0,26
2.6,0.1,0.7796178809471852,-2.696539702293474e308,1.0,1,26
2.7,0.1,0.8646241189549821,-2.696539702293474e308,1.0,0,27
2.7,0.1,0.7891530195843194,-2.696539702293474e308,1.0,1,27
2.8,0.1,0.8221209999510837,-2.696539702293474e308,1.0,0,28
2.8,0.1,0.7622162182767288,-2.696539702293474e308,1.0,1,28
2.9,0.1,0.8646241189549821,-2.696539702293474e308,1.0,0,29
2.9,0.1,0.7891530195843194,-2.696539702293474e308,1.0,1,29
3.0,0.1,0.7796178809471852,-2.696539702293474e308,1.0,1,30
3.0,0.1,0.8550889803178481,-2.696539702293474e308,1.0,0,30
3.1,0.1,0.8646241189549821,-2.696539702293474e308,1.0,0,31
3.1,0.1,0.7891530195843194,-2.696539702293474e308,1.0,1,31
3.2,0.1,0.9149937619922028,-2.696539702293474e308,1.0,0,32
3.2,0.1,0.7197130992728302,-2.696539702293474e308,1.0,1,32
3.3,0.1,0.8646241189549821,-2.696539702293474e308,1.0,0,33
3.3,0.1,0.7891530195843194,-2.696539702293474e308,1.0,1,33
3.4,0.1,0.8490578012586742,-2.696539702293474e308,1.0,0,34
3.4,0.1,0.7796178809471852,-2.696539702293474e308,1.0,1,34
3.5,0.1,0.7891530195843194,-2.696539702293474e308,1.0,1,35
3.5,0.1,0.8646241189549821,-2.696539702293474e308,1.0,0,35
3.6,0.1,0.7622162182767288,-2.696539702293474e308,1.0,1,36
3.6,0.1,0.8395226626215401,-2.696539702293474e308,1.0,0,36
3.7,0.1,0.8646241189549821,-2.696539702293474e308,1.0,0,37
3.7,0.1,0.7891530195843194,-2.696539702293474e308,1.0,1,37
3.8,0.1,0.7796178809471852,-2.696539702293474e308,1.0,1,38
3.8,0.1,0.8490578012586742,-2.696539702293474e308,1.0,0,38
3.9,0.1,0.8646241189549821,-2.696539702293474e308,1.0,0,39
3.9,0.1,0.7891530195843194,-2.696539702293474e308,1.0,1,39
4.0,0.1,0.7197130992728302,-2.696539702293474e308,1.0,1,40
4.0,0.1,0.9149937619922028,-2.696539702293474e308,1.0,0,40
4.1,0.1,0.7891530195843194,-2.696539702293474e308,1.0,1,41
4.1,0.1,0.8646241189549821,-2.696539702293474e308,1.0,0,41
4.2,0.1,0.7796178809471852,-2.696539702293474e308,1.0,1,42
4.2,0.1,0.8490578012586742,-2.696539702293474e308,1.0,0,42
4.3,0.1,0.8646241189549821,-2.696539702293474e308,1.0,0,43
4.3,0.1,0.7891530195843194,-2.696539702293474e308,1.0,1,43
4.4,0.1,0.8395226626215401,-2.696539702293474e308,1.0,0,44
4.4,0.1,0.7622162182767288,-2.696539702293474e308,1.0,1,44
4.5,0.1,0.8646241189549821,-2.696539702293474e308,1.0,0,45
4.5,0.1,0.7891530195843194,-2.696539702293474e308,1.0,1,45
4.6,0.1,0.8490578012586742,-2.696539702293474e308,1.0,0,46
4.6,0.1,0.7796178809471852,-2.696539702293474e308,1.0,1,46
4.7,0.1,0.8646241189549821,-2.696539702293474e308,1.0,0,47
4.7,0.1,0.7891530195843194,-2.696539702293474e308,1.0,1,47
4.8,0.1,0.9245289006293371,-2.696539702293474e308,1.0,0,48
4.8,0.1,0.7197130992728302,-2.696539702293474e308,1.0,1,48
4.9,0.1,0.8820257816254385,-2.696539702293474e308,1.0,0,49
4.9,0.1,0.7466499005804208,-2.696539702293474e308,1.0,1,49
5.0,0.1,0.7371147619432866,-2.696539702293474e308,1.0,1,50
5.0,0.1,0.8646241189549821,-2.696539702293474e308,1.0,0,50
5.1,0.1,0.8820257816254385,-2.696539702293474e308,1.0,0,51
5.1,0.1,0.7466499005804208,-2.696539702293474e308,1.0,1,51
5.2,0.1,0.8490578012586742,-2.696539702293474e308,1.0,0,52
5.2,0.1,0.7796178809471852,-2.696539702293474e308,1.0,1,52
5.3,0.1,0.8820257816254385,-2.696539702293474e308,1.0,0,53
5.3,0.1,0.7466499005804208,-2.696539702293474e308,1.0,1,53
5.4,0.1,0.7371147619432866,-2.696539702293474e308,1.0,1,54
5.4,0.1,0.8646241189549821,-2.696539702293474e308,1.0,0,54
5.5,0.1,0.7466499005804208,-2.696539702293474e308,1.0,1,55
5.5,0.1,0.8820257816254385,-2.696539702293474e308,1.0,0,55
5.6,0.1,0.9245289006293371,-2.696539702293474e308,1.0,0,56
5.6,0.1,0.7197130992728302,-2.696539702293474e308,1.0,1,56
5.7,0.1,0.8820257816254385,-2.696539702293474e308,1.0,0,57
5.7,0.1,0.7466499005804208,-2.696539702293474e308,1.0,1,57
5.8,0.1,0.7371147619432866,-2.696539702293474e308,1.0,1,58
5.8,0.1,0.8646241189549821,-2.696539702293474e308,1.0,0,58
5.9,0.1,0.7466499005804208,-2.696539702293474e308,1.0,1,59
5.9,0.1,0.8820257816254385,-2.696539702293474e308,1.0,0,59
6.0,0.1,0.7796178809471852,-2.696539702293474e308,1.0,1,60
6.0,0.1,0.8490578012586742,-2.696539702293474e308,1.0,0,60
6.1,0.1,0.7466499005804208,-2.696539702293474e308,1.0,1,61
6.1,0.1,0.8820257816254385,-2.696539702293474e308,1.0,0,61
6.2,0.1,0.7371147619432866,-2.696539702293474e308,1.0,1,62
6.2,0.1,0.8646241189549821,-2.696539702293474e308,1.0,0,62
6.3,0.1,0.7466499005804208,-2.696539702293474e308,1.0,1,63
6.3,0.1,0.8820257816254385,-2.696539702293474e308,1.0,0,63
6.4,0.1,0.9245289006293371,-2.696539702293474e308,1.0,0,64
6.4,0.1,0.7197130992728302,-2.696539702293474e308,1.0,1,64
6.5,0.1,0.8915609202625728,-2.696539702293474e308,1.0,0,65
6.5,0.1,0.8221209999510837,-2.696539702293474e308,1.0,1,65
6.6,0.1,0.8023926219430043,-2.696539702293474e308,1.0,1,66
6.6,0.1,0.8820257816254385,-2.696539702293474e308,1.0,0,66
6.7,0.1,0.8915609202625728,-2.696539702293474e308,1.0,0,67
6.7,0.1,0.8221209999510837,-2.696539702293474e308,1.0,1,67
6.8,0.1,0.8490578012586742,-2.696539702293474e308,1.0,0,68
6.8,0.1,0.7891530195843194,-2.696539702293474e308,1.0,1,68
6.9,0.1,0.8915609202625728,-2.696539702293474e308,1.0,0,69
6.9,0.1,0.8221209999510837,-2.696539702293474e308,1.0,1,69
7.0,0.1,0.8023926219430043,-2.696539702293474e308,1.0,1,70
7.0,0.1,0.8820257816254385,-2.696539702293474e308,1.0,0,70
7.1,0.1,0.8915609202625728,-2.696539702293474e308,1.0,0,71
7.1,0.1,0.8221209999510837,-2.696539702293474e308,1.0,1,71
7.2,0.1,0.7197130992728302,-2.696539702293474e308,1.0,1,72
7.2,0.1,0.9245289006293371,-2.696539702293474e308,1.0,0,72
7.3,0.1,0.8221209999510837,-2.696539702293474e308,1.0,1,73
7.3,0.1,0.8915609202625728,-2.696539702293474e308,1.0,0,73
7.4,0.1,0.8023926219430043,-2.696539702293474e308,1.0,1,74
7.4,0.1,0.8820257816254385,-2.696539702293474e308,1.0,0,74
7.5,0.1,0.8221209999510837,-2.696539702293474e308,1.0,1,75
7.5,0.1,0.8915609202625728,-2.696539702293474e308,1.0,0,75
7.6,0.1,0.7891530195843194,-2.696539702293474e308,1.0,1,76
7.6,0.1,0.8490578012586742,-2.696539702293474e308,1.0,0,76
7.7,0.1,0.8915609202625728,-2.696539702293474e308,1.0,0,77
7.7,0.1,0.8221209999510837,-2.696539702293474e308,1.0,1,77
7.8,0.1,0.8820257816254385,-2.696539702293474e308,1.0,0,78
7.8,0.1,0.8023926219430043,-2.696539702293474e308,1.0,1,78
7.9,0.1,0.8915609202625728,-2.696539702293474e308,1.0,0,79
7.9,0.1,0.8221209999510837,-2.696539702293474e308,1.0,1,79
8.0,0.1,0.9419305632997935,-2.696539702293474e308,1.0,0,80
8.0,0.1,0.7197130992728302,-2.696539702293474e308,1.0,1,80
8.1,0.1,0.870655298014156,-2.696539702293474e308,1.0,0,81
8.1,0.1,0.7951841986434931,-2.696539702293474e308,1.0,1,81
8.2,0.1,0.7796178809471852,-2.696539702293474e308,1.0,1,82
8.2,0.1,0.8550889803178481,-2.696539702293474e308,1.0,0,82
8.3,0.1,0.870655298014156,-2.696539702293474e308,1.0,0,83
8.3,0.1,0.7951841986434931,-2.696539702293474e308,1.0,1,83
8.4,0.1,0.8395226626215401,-2.696539702293474e308,1.0,0,84
8.4,0.1,0.7682473973359026,-2.696539702293474e308,1.0,1,84
8.5,0.1,0.870655298014156,-2.696539702293474e308,1.0,0,85
8.5,0.1,0.7951841986434931,-2.696539702293474e308,1.0,1,85
8.6,0.1,0.8550889803178481,-2.696539702293474e308,1.0,0,86
8.6,0.1,0.7796178809471852,-2.696539702293474e308,1.0,1,86
8.7,0.1,0.7951841986434931,-2.696539702293474e308,1.0,1,87
8.7,0.1,0.870655298014156,-2.696539702293474e308,1.0,0,87
8.8,0.1,0.9419305632997935,-2.696539702293474e308,1.0,0,88
8.8,0.1,0.7197130992728302,-2.696539702293474e308,1.0,1,88
8.9,0.1,0.870655298014156,-2.696539702293474e308,1.0,0,89
8.9,0.1,0.7951841986434931,-2.696539702293474e308,1.0,1,89
9.0,0.1,0.7796178809471852,-2.696539702293474e308,1.0,1,90
9.0,0.1,0.8550889803178481,-2.696539702293474e308,1.0,0,90
9.1,0.1,0.870655298014156,-2.696539702293474e308,1.0,0,91
9.1,0.1,0.7951841986434931,-2.696539702293474e308,1.0,1,91
9.2,0.1,0.7682473973359026,-2.696539702293474e308,1.0,1,92
9.2,0.1,0.8395226626215401,-2.696539702293474e308,1.0,0,92
9.3,0.1,0.7951841986434931,-2.696539702293474e308,1.0,1,93
9.3,0.1,0.870655298014156,-2.696539702293474e308,1.0,0,93
9.4,0.1,0.7796178809471852,-2.696539702293474e308,1.0,1,94
9.4,0.1,0.8550889803178481,-2.696539702293474e308,1.0,0,94
9.5,0.1,0.7951841986434931,-2.696539702293474e308,1.0,1,95
9.5,0.1,0.870655298014156,-2.696539702293474e308,1.0,0,95
9.6,0.1,0.6999847212647511,-2.696539702293474e308,1.0,1,96
9.6,0.1,0.9419305632997935,-2.696539702293474e308,1.0,0,96
9.7,0.1,0.8023926219430043,-2.696539702293474e308,1.0,1,97
9.7,0.1,0.8820257816254385,-2.696539702293474e308,1.0,0,97
9.8,0.1,0.7891530195843194,-2.696539702293474e308,1.0,1,98
9.8,0.1,0.870655298014156,-2.696539702293474e308,1.0,0,98
9.9,0.1,0.8023926219430043,-2.696539702293474e308,1.0,1,99
9.9,0.1,0.8820257816254385,-2.696539702293474e308,1.0,0,99
10.0,0.1,0.7796178809471852,-2.696539702293474e308,1.0,1,100
10.0,0.1,0.8395226626215401,-2.696539702293474e308,1.0,0,100
10.1,0.1,0.8023926219430043,-2.696539702293474e308,1.0,1,101
10.1,0.1,0.8820257816254385,-2.696539702293474e308,1.0,0,101
10.2,0.1,0.870655298014156,-2.696539702293474e308,1.0,0,102
10.2,0.1,0.7891530195843194,-2.696539702293474e308,1.0,1,102
10.3,0.1,0.8820257816254385,-2.696539702293474e308,1.0,0,103
10.3,0.1,0.8023926219430043,-2.696539702293474e308,1.0,1,103
10.4,0.1,0.9419305632997935,-2.696539702293474e308,1.0,0,104
10.4,0.1,0.6999847212647511,-2.696539702293474e308,1.0,1,104
10.5,0.1,0.8023926219430043,-2.696539702293474e308,1.0,1,105
10.5,0.1,0.8820257816254385,-2.696539702293474e308,1.0,0,105
10.6,0.1,0.870655298014156,-2.696539702293474e308,1.0,0,106
10.6,0.1,0.7891530195843194,-2.696539702293474e308,1.0,1,106
10.7,0.1,0.8820257816254385,-2.696539702293474e308,1.0,0,107
10.7,0.1,0.8023926219430043,-2.696539702293474e308,1.0,1,107
10.8,0.1,0.7796178809471852,-2.696539702293474e308,1.0,1,108
10.8,0.1,0.8395226626215401,-2.696539702293474e308,1.0,0,108
10.9,0.1,0.8023926219430043,-2.696539702293474e308,1.0,1,109
10.9,0.1,0.8820257816254385,-2.696539702293474e308,1.0,0,109
11.0,0.1,0.870655298014156,-2.696539702293474e308,1.0,0,110
11.0,0.1,0.7891530195843194,-2.696539702293474e308,1.0,1,110
11.1,0.1,0.8820257816254385,-2.696539702293474e308,1.0,0,111
11.1,0.1,0.8023926219430043,-2.696539702293474e308,1.0,1,111
11.2,0.1,0.9245289006293371,-2.696539702293474e308,1.0,0,112
11.2,0.1,0.6999847212647511,-2.696539702293474e308,1.0,1,112
11.3,0.1,0.8550889803178481,-2.696539702293474e308,1.0,0,113
11.3,0.1,0.7796178809471852,-2.696539702293474e308,1.0,1,113
11.4,0.1,0.8395226626215401,-2.696539702293474e308,1.0,0,114
11.4,0.1,0.7622162182767288,-2.696539702293474e308,1.0,1,114
11.5,0.1,0.8550889803178481,-2.696539702293474e308,1.0,0,115
11.5,0.1,0.7796178809471852,-2.696539702293474e308,1.0,1,115
11.6,0.1,0.8221209999510837,-2.696539702293474e308,1.0,0,116
11.6,0.1,0.7526810796395946,-2.696539702293474e308,1.0,1,116
11.7,0.1,0.8550889803178481,-2.696539702293474e308,1.0,0,117
11.7,0.1,0.7796178809471852,-2.696539702293474e308,1.0,1,117
11.8,0.1,0.7622162182767288,-2.696539702293474e308,1.0,1,118
11.8,0.1,0.8395226626215401,-2.696539702293474e308,1.0,0,118
11.9,0.1,0.8550889803178481,-2.696539702293474e308,1.0,0,119
11.9,0.1,0.7796178809471852,-2.696539702293474e308,1.0,1,119
12.0,0.1,0.9245289006293371,-2.696539702293474e308,1.0,0,120
12.0,0.1,0.6999847212647511,-2.696539702293474e308,1.0,1,120
12.1,0.1,0.8550889803178481,-2.696539702293474e308,1.0,0,121
12.1,0.1,0.7796178809471852,-2.696539702293474e308,1.0,1,121
12.2,0.1,0.8395226626215401,-2.696539702293474e308,1.0,0,122
12.2,0.1,0.7622162182767288,-2.696539702293474e308,1.0,1,122
12.3,0.1,0.8550889803178481,-2.696539702293474e308,1.0,0,123
12.3,0.1,0.7796178809471852,-2.696539702293474e308,1.0,1,123
12.4,0.1,0.7526810796395946,-2.696539702293474e308,1.0,1,124
12.4,0.1,0.8221209999510837,-2.696539702293474e308,1.0,0,124
12.5,0.1,0.7796178809471852,-2.696539702293474e308,1.0,1,125
12.5,0.1,0.8550889803178481,-2.696539702293474e308,1.0,0,125
12.6,0.1,0.7622162182767288,-2.696539702293474e308,1.0,1,126
12.6,0.1,0.8395226626215401,-2.696539702293474e308,1.0,0,126
12.7,0.1,0.8550889803178481,-2.696539702293474e308,1.0,0,127
12.7,0.1,0.7796178809471852,-2.696539702293474e308,1.0,1,127
12.8,0.1,0.6867451189060659,-2.696539702293474e308,1.0,1,128
12.8,0.1,0.9245289006293371,-2.696539702293474e308,1.0,0,128
12.9,0.1,0.8646241189549821,-2.696539702293474e308,1.0,0,129
12.9,0.1,0.7891530195843194,-2.696539702293474e308,1.0,1,129
13.0,0.1,0.8550889803178481,-2.696539702293474e308,1.0,0,130
13.0,0.1,0.7796178809471852,-2.696539702293474e308,1.0,1,130
13.1,0.1,0.8646241189549821,-2.696539702293474e308,1.0,0,131
13.1,0.1,0.7891530195843194,-2.696539702293474e308,1.0,1,131
13.2,0.1,0.8221209999510837,-2.696539702293474e308,1.0,0,132
13.2,0.1,0.7622162182767288,-2.696539702293474e308,1.0,1,132
13.3,0.1,0.8646241189549821,-2.696539702293474e308,1.0,0,133
13.3,0.1,0.7891530195843194,-2.696539702293474e308,1.0,1,133
13.4,0.1,0.7796178809471852,-2.696539702293474e308,1.0,1,134
13.4,0.1,0.8550889803178481,-2.696539702293474e308,1.0,0,134
13.5,0.1,0.8646241189549821,-2.696539702293474e308,1.0,0,135
13.5,0.1,0.7891530195843194,-2.696539702293474e308,1.0,1,135
13.6,0.1,0.6867451189060659,-2.696539702293474e308,1.0,1,136
13.6,0.1,0.9245289006293371,-2.696539702293474e308,1.0,0,136
13.7,0.1,0.7891530195843194,-2.696539702293474e308,1.0,1,137
13.7,0.1,0.8646241189549821,-2.696539702293474e308,1.0,0,137
13.8,0.1,0.7796178809471852,-2.696539702293474e308,1.0,1,138
13.8,0.1,0.8550889803178481,-2.696539702293474e308,1.0,0,138
13.9,0.1,0.8646241189549821,-2.696539702293474e308,1.0,0,139
13.9,0.1,0.7891530195843194,-2.696539702293474e308,1.0,1,139
14.0,0.1,0.8221209999510837,-2.696539702293474e308,1.0,0,140
14.0,0.1,0.7622162182767288,-2.696539702293474e308,1.0,1,140
14.1,0.1,0.8646241189549821,-2.696539702293474e308,1.0,0,141
14.1,0.1,0.7891530195843194,-2.696539702293474e308,1.0,1,141
14.2,0.1,0.8550889803178481,-2.696539702293474e308,1.0,0,142
14.2,0.1,0.7796178809471852,-2.696539702293474e308,1.0,1,142
14.3,0.1,0.8646241189549821,-2.696539702293474e308,1.0,0,143
14.3,0.1,0.7891530195843194,-2.696539702293474e308,1.0,1,143
14.4,0.1,0.8915609202625728,-2.696539702293474e308,1.0,0,144
14.4,0.1,0.7371147619432866,-2.696539702293474e308,1.0,1,144
14.5,0.1,0.8395226626215401,-2.696539702293474e308,1.0,0,145
14.5,0.1,0.7622162182767288,-2.696539702293474e308,1.0,1,145
14.6,0.1,0.8221209999510837,-2.696539702293474e308,1.0,0,146
14.6,0.1,0.7466499005804208,-2.696539702293474e308,1.0,1,146
14.7,0.1,0.8395226626215401,-2.696539702293474e308,1.0,0,147
14.7,0.1,0.7622162182767288,-2.696539702293474e308,1.0,1,147
14.8,0.1,0.8023926219430043,-2.696539702293474e308,1.0,0,148
14.8,0.1,0.7891530195843194,-2.696539702293474e308,1.0,1,148
14.9,0.1,0.7622162182767288,-2.696539702293474e308,1.0,1,149
14.9,0.1,0.8395226626215401,-2.696539702293474e308,1.0,0,149
15.0,0.1,0.7466499005804208,-2.696539702293474e308,1.0,1,150
15.0,0.1,0.8221209999510837,-2.696539702293474e308,1.0,0,150
15.1,0.1,0.7622162182767288,-2.696539702293474e308,1.0,1,151
15.1,0.1,0.8395226626215401,-2.696539702293474e308,1.0,0,151
15.2,0.1,0.7371147619432866,-2.696539702293474e308,1.0,1,152
15.2,0.1,0.8915609202625728,-2.696539702293474e308,1.0,0,152
15.3,0.1,0.8395226626215401,-2.696539702293474e308,1.0,0,153
15.3,0.1,0.7622162182767288,-2.696539702293474e308,1.0,1,153
15.4,0.1,0.8221209999510837,-2.696539702293474e308,1.0,0,154
15.4,0.1,0.7466499005804208,-2.696539702293474e308,1.0,1,154
15.5,0.1,0.8395226626215401,-2.696539702293474e308,1.0,0,155
15.5,0.1,0.7622162182767288,-2.696539702293474e308,1.0,1,155
15.6,0.1,0.8023926219430043,-2.696539702293474e308,1.0,0,156
15.6,0.1,0.7891530195843194,-2.696539702293474e308,1.0,1,156
15.7,0.1,0.8395226626215401,-2.696539702293474e308,1.0,0,157
15.7,0.1,0.7622162182767288,-2.696539702293474e308,1.0,1,157
15.8,0.1,0.8221209999510837,-2.696539702293474e308,1.0,0,158
15.8,0.1,0.7466499005804208,-2.696539702293474e308,1.0,1,158
15.9,0.1,0.8395226626215401,-2.696539702293474e308,1.0,0,159
15.9,0.1,0.7622162182767288,-2.696539702293474e308,1.0,1,159
16.0,0.1,0.9048005226212578,-2.696539702293474e308,1.0,0,160
16.0,0.1,0.6999847212647511,-2.696539702293474e308,1.0,1,160
16.1,0.1,0.8820257816254385,-2.696539702293474e308,1.0,0,161
16.1,0.1,0.7466499005804208,-2.696539702293474e308,1.0,1,161
16.2,0.1,0.8646241189549821,-2.696539702293474e308,1.0,0,162
16.2,0.1,0.7371147619432866,-2.696539702293474e308,1.0,1,162
16.3,0.1,0.8820257816254385,-2.696539702293474e308,1.0,0,163
16.3,0.1,0.7466499005804208,-2.696539702293474e308,1.0,1,163
16.4,0.1,0.7796178809471852,-2.696539702293474e308,1.0,1,164
16.4,0.1,0.8490578012586742,-2.696539702293474e308,1.0,0,164
16.5,0.1,0.7466499005804208,-2.696539702293474e308,1.0,1,165
16.5,0.1,0.8820257816254385,-2.696539702293474e308,1.0,0,165
16.6,0.1,0.7371147619432866,-2.696539702293474e308,1.0,1,166
16.6,0.1,0.8646241189549821,-2.696539702293474e308,1.0,0,166
16.7,0.1,0.7466499005804208,-2.696539702293474e308,1.0,1,167
16.7,0.1,0.8820257816254385,-2.696539702293474e308,1.0,0,167
16.8,0.1,0.6999847212647511,-2.696539702293474e308,1.0,1,168
16.8,0.1,0.9048005226212578,-2.696539702293474e308,1.0,0,168
16.9,0.1,0.7466499005804208,-2.696539702293474e308,1.0,1,169
16.9,0.1,0.8820257816254385,-2.696539702293474e308,1.0,0,169
17.0,0.1,0.7371147619432866,-2.696539702293474e308,1.0,1,170
17.0,0.1,0.8646241189549821,-2.696539702293474e308,1.0,0,170
17.1,0.1,0.7466499005804208,-2.696539702293474e308,1.0,1,171
17.1,0.1,0.8820257816254385,-2.696539702293474e308,1.0,0,171
17.2,0.1,0.8490578012586742,-2.696539702293474e308,1.0,0,172
17.2,0.1,0.7796178809471852,-2.696539702293474e308,1.0,1,172
17.3,0.1,0.7466499005804208,-2.696539702293474e308,1.0,1,173
17.3,0.1,0.8820257816254385,-2.696539702293474e308,1.0,0,173
17.4,0.1,0.8646241189549821,-2.696539702293474e308,1.0,0,174
17.4,0.1,0.7371147619432866,-2.696539702293474e308,1.0,1,174
17.5,0.1,0.7466499005804208,-2.696539702293474e308,1.0,1,175
17.5,0.1,0.8820257816254385,-2.696539702293474e308,1.0,0,175
17.6,0.1,0.7197130992728302,-2.696539702293474e308,1.0,1,176
17.6,0.1,0.8915609202625728,-2.696539702293474e308,1.0,0,176
17.7,0.1,0.7466499005804208,-2.696539702293474e308,1.0,1,177
17.7,0.1,0.8820257816254385,-2.696539702293474e308,1.0,0,177
17.8,0.1,0.7371147619432866,-2.696539702293474e308,1.0,1,178
17.8,0.1,0.8646241189549821,-2.696539702293474e308,1.0,0,178
17.9,0.1,0.7466499005804208,-2.696539702293474e308,1.0,1,179
17.9,0.1,0.8820257816254385,-2.696539702293474e308,1.0,0,179
18.0,0.1,0.7891530195843194,-2.696539702293474e308,1.0,1,180
18.0,0.1,0.8490578012586742,-2.696539702293474e308,1.0,0,180
18.1,0.1,0.8820257816254385,-2.696539702293474e308,1.0,0,181
18.1,0.1,0.7466499005804208,-2.696539702293474e308,1.0,1,181
18.2,0.1,0.8646241189549821,-2.696539702293474e308,1.0,0,182
18.2,0.1,0.7371147619432866,-2.696539702293474e308,1.0,1,182
18.3,0.1,0.7466499005804208,-2.696539702293474e308,1.0,1,183
18.3,0.1,0.8820257816254385,-2.696539702293474e308,1.0,0,183
18.4,0.1,0.8915609202625728,-2.696539702293474e308,1.0,0,184
18.4,0.1,0.7197130992728302,-2.696539702293474e308,1.0,1,184
18.5,0.1,0.8820257816254385,-2.696539702293474e308,1.0,0,185
18.5,0.1,0.7466499005804208,-2.696539702293474e308,1.0,1,185
18.6,0.1,0.8646241189549821,-2.696539702293474e308,1.0,0,186
18.6,0.1,0.7371147619432866,-2.696539702293474e308,1.0,1,186
18.7,0.1,0.8820257816254385,-2.696539702293474e308,1.0,0,187
18.7,0.1,0.7466499005804208,-2.696539702293474e308,1.0,1,187
18.8,0.1,0.8490578012586742,-2.696539702293474e308,1.0,0,188
18.8,0.1,0.7891530195843194,-2.696539702293474e308,1.0,1,188
18.9,0.1,0.8820257816254385,-2.696539702293474e308,1.0,0,189
18.9,0.1,0.7466499005804208,-2.696539702293474e308,1.0,1,189
19.0,0.1,0.8646241189549821,-2.696539702293474e308,1.0,0,190
19.0,0.1,0.7371147619432866,-2.696539702293474e308,1.0,1,190
19.1,0.1,0.8820257816254385,-2.696539702293474e308,1.0,0,191
19.1,0.1,0.7466499005804208,-2.696539702293474e308,1.0,1,191
19.2,0.1,0.8915609202625728,-2.696539702293474e308,1.0,0,192
19.2,0.1,0.7371147619432866,-2.696539702293474e308,1.0,1,192
19.3,0.1,0.7622162182767288,-2.696539702293474e308,1.0,1,193
19.3,0.1,0.8395226626215401,-2.696539702293474e308,1.0,0,193
19.4,0.1,0.8221209999510837,-2.696539702293474e308,1.0,0,194
19.4,0.1,0.7466499005804208,-2.696539702293474e308,1.0,1,194
19.5,0.1,0.8395226626215401,-2.696539702293474e308,1.0,0,195
19.5,0.1,0.7622162182767288,-2.696539702293474e308,1.0,1,195
19.6,0.1,0.8023926219430043,-2.696539702293474e308,1.0,0,196
19.6,0.1,0.7891530195843194,-2.696539702293474e308,1.0,1,196
19.7,0.1,0.7622162182767288,-2.696539702293474e308,1.0,1,197
19.7,0.1,0.8395226626215401,-2.696539702293474e308,1.0,0,197
19.8,0.1,0.7466499005804208,-2.696539702293474e308,1.0,1,198
19.8,0.1,0.8221209999510837,-2.696539702293474e308,1.0,0,198
19.9,0.1,0.8395226626215401,-2.696539702293474e308,1.0,0,199
19.9,0.1,0.7622162182767288,-2.696539702293474e308,1.0,1,199
20.0,0.1,0.8915609202625728,-2.696539702293474e308,1.0,0,200
20.0,0.1,0.7371147619432866,-2.696539702293474e308,1.0,1,200
20.1,0.1,0.8395226626215401,-2.696539702293474e308,1.0,0,201
20.1,0.1,0.7622162182767288,-2.696539702293474e308,1.0,1,201
20.2,0.1,0.8221209999510837,-2.696539702293474e308,1.0,0,202
20.2,0.1,0.7466499005804208,-2.696539702293474e308,1.0,1,202
20.3,0.1,0.7622162182767288,-2.696539702293474e308,1.0,1,203
20.3,0.1,0.8395226626215401,-2.696539702293474e308,1.0,0,203
20.4,0.1,0.7891530195843194,-2.696539702293474e308,1.0,1,204
20.4,0.1,0.8023926219430043,-2.696539702293474e308,1.0,0,204
20.5,0.1,0.7622162182767288,-2.696539702293474e308,1.0,1,205
20.5,0.1,0.8395226626215401,-2.696539702293474e308,1.0,0,205
20.6,0.1,0.7466499005804208,-2.696539702293474e308,1.0,1,206
20.6,0.1,0.8221209999510837,-2.696539702293474e308,1.0,0,206
20.7,0.1,0.7622162182767288,-2.696539702293474e308,1.0,1,207
20.7,0.1,0.8395226626215401,-2.696539702293474e308,1.0,0,207
20.8,0.1,0.7466499005804208,-2.696539702293474e308,1.0,1,208
20.8,0.1,0.8820257816254385,-2.696539702293474e308,1.0,0,208
20.9,0.1,0.7796178809471852,-2.696539702293474e308,1.0,1,209
20.9,0.1,0.8023926219430043,-2.696539702293474e308,1.0,0,209
21.0,0.1,0.7622162182767288,-2.696539702293474e308,1.0,1,210
21.0,0.1,0.7891530195843194,-2.696539702293474e308,1.0,0,210
21.1,0.1,0.7796178809471852,-2.696539702293474e308,1.0,1,211
21.1,0.1,0.8023926219430043,-2.696539702293474e308,1.0,0,211
21.2,0.1,0.7891530195843194,-2.696539702293474e308,1.0,1,212
21.2,0.1,0.8490578012586742,-2.696539702293474e308,1.0,0,212
21.3,0.1,0.7796178809471852,-2.696539702293474e308,1.0,1,213
21.3,0.1,0.8023926219430043,-2.696539702293474e308,1.0,0,213
21.4,0.1,0.7622162182767288,-2.696539702293474e308,1.0,1,214
21.4,0.1,0.7891530195843194,-2.696539702293474e308,1.0,0,214
21.5,0.1,0.8023926219430043,-2.696539702293474e308,1.0,0,215
21.5,0.1,0.7796178809471852,-2.696539702293474e308,1.0,1,215
21.6,0.1,0.7466499005804208,-2.696539702293474e308,1.0,1,216
21.6,0.1,0.8820257816254385,-2.696539702293474e308,1.0,0,216
21.7,0.1,0.7796178809471852,-2.696539702293474e308,1.0,1,217
21.7,0.1,0.8023926219430043,-2.696539702293474e308,1.0,0,217
21.8,0.1,0.7891530195843194,-2.696539702293474e308,1.0,0,218
21.8,0.1,0.7622162182767288,-2.696539702293474e308,1.0,1,218
21.9,0.1,0.8023926219430043,-2.696539702293474e308,1.0,0,219
21.9,0.1,0.7796178809471852,-2.696539702293474e308,1.0,1,219
22.0,0.1,0.8490578012586742,-2.696539702293474e308,1.0,0,220
22.0,0.1,0.7891530195843194,-2.696539702293474e308,1.0,1,220
22.1,0.1,0.8023926219430043,-2.696539702293474e308,1.0,0,221
22.1,0.1,0.7796178809471852,-2.696539702293474e308,1.0,1,221
22.2,0.1,0.7891530195843194,-2.696539702293474e308,1.0,0,222
22.2,0.1,0.7622162182767288,-2.696539702293474e308,1.0,1,222
22.3,0.1,0.8023926219430043,-2.696539702293474e308,1.0,0,223
22.3,0.1,0.7796178809471852,-2.696539702293474e308,1.0,1,223
22.4,0.1,0.8646241189549821,-2.696539702293474e308,1.0,0,224
22.4,0.1,0.7466499005804208,-2.696539702293474e308,1.0,1,224
22.5,0.1,0.8221209999510837,-2.696539702293474e308,1.0,0,225
22.5,0.1,0.7951841986434931,-2.696539702293474e308,1.0,1,225
22.6,0.1,0.8023926219430043,-2.696539702293474e308,1.0,0,226
22.6,0.1,0.7796178809471852,-2.696539702293474e308,1.0,1,226
22.7,0.1,0.8221209999510837,-2.696539702293474e308,1.0,0,227
22.7,0.1,0.7951841986434931,-2.696539702293474e308,1.0,1,227
22.8,0.1,0.7622162182767288,-2.696539702293474e308,1.0,1,228
22.8,0.1,0.7951841986434931,-2.696539702293474e308,1.0,0,228
22.9,0.1,0.7951841986434931,-2.696539702293474e308,1.0,1,229
22.9,0.1,0.8221209999510837,-2.696539702293474e308,1.0,0,229
23.0,0.1,0.7796178809471852,-2.696539702293474e308,1.0,1,230
23.0,0.1,0.8023926219430043,-2.696539702293474e308,1.0,0,230
23.1,0.1,0.7951841986434931,-2.696539702293474e308,1.0,1,231
23.1,0.1,0.8221209999510837,-2.696539702293474e308,1.0,0,231
23.2,0.1,0.7466499005804208,-2.696539702293474e308,1.0,1,232
23.2,0.1,0.8646241189549821,-2.696539702293474e308,1.0,0,232
23.3,0.1,0.7951841986434931,-2.696539702293474e308,1.0,1,233
23.3,0.1,0.8221209999510837,-2.696539702293474e308,1.0,0,233
23.4,0.1,0.7796178809471852,-2.696539702293474e308,1.0,1,234
23.4,0.1,0.8023926219430043,-2.696539702293474e308,1.0,0,234
23.5,0.1,0.7951841986434931,-2.696539702293474e308,1.0,1,235
23.5,0.1,0.8221209999510837,-2.696539702293474e308,1.0,0,235
23.6,0.1,0.7622162182767288,-2.696539702293474e308,1.0,1,236
23.6,0.1,0.7951841986434931,-2.696539702293474e308,1.0,0,236
23.7,0.1,0.8221209999510837,-2.696539702293474e308,1.0,0,237
23.7,0.1,0.7951841986434931,-2.696539702293474e308,1.0,1,237
23.8,0.1,0.7796178809471852,-2.696539702293474e308,1.0,1,238
23.8,0.1,0.8023926219430043,-2.696539702293474e308,1.0,0,238
23.9,0.1,0.7951841986434931,-2.696539702293474e308,1.0,1,239
23.9,0.1,0.8221209999510837,-2.696539702293474e308,1.0,0,239
24.0,0.1,0.7371147619432866,-2.696539702293474e308,1.0,1,240
24.0,0.1,0.8646241189549821,-2.696539702293474e308,1.0,0,240
24.1,0.1,0.7622162182767288,-2.696539702293474e308,1.0,1,241
24.1,0.1,0.8395226626215401,-2.696539702293474e308,1.0,0,241
24.2,0.1,0.7466499005804208,-2.696539702293474e308,1.0,1,242
24.2,0.1,0.8221209999510837,-2.696539702293474e308,1.0,0,242
24.3,0.1,0.7622162182767288,-2.696539702293474e308,1.0,1,243
24.3,0.1,0.8395226626215401,-2.696539702293474e308,1.0,0,243
24.4,0.1,0.7891530195843194,-2.696539702293474e308,1.0,1,244
24.4,0.1,0.8125858613139496,-2.696539702293474e308,1.0,0,244
24.5,0.1,0.7622162182767288,-2.696539702293474e308,1.0,1,245
24.5,0.1,0.8395226626215401,-2.696539702293474e308,1.0,0,245
24.6,0.1,0.7466499005804208,-2.696539702293474e308,1.0,1,246
24.6,0.1,0.8221209999510837,-2.696539702293474e308,1.0,0,246
24.7,0.1,0.7622162182767288,-2.696539702293474e308,1.0,1,247
24.7,0.1,0.8395226626215401,-2.696539702293474e308,1.0,0,247
24.8,0.1,0.7371147619432866,-2.696539702293474e308,1.0,1,248
24.8,0.1,0.8646241189549821,-2.696539702293474e308,1.0,0,248
24.9,0.1,0.7622162182767288,-2.696539702293474e308,1.0,1,249
24.9,0.1,0.8395226626215401,-2.696539702293474e308,1.0,0,249
25.0,0.1,0.7466499005804208,-2.696539702293474e308,1.0,1,250
25.0,0.1,0.8221209999510837,-2.696539702293474e308,1.0,0,250
25.1,0.1,0.7622162182767288,-2.696539702293474e308,1.0,1,251
25.1,0.1,0.8395226626215401,-2.696539702293474e308,1.0,0,251
25.2,0.1,0.7891530195843194,-2.696539702293474e308,1.0,1,252
25.2,0.1,0.8125858613139496,-2.696539702293474e308,1.0,0,252
25.3,0.1,0.8395226626215401,-2.696539702293474e308,1.0,0,253
25.3,0.1,0.7622162182767288,-2.696539702293474e308,1.0,1,253
25.4,0.1,0.7466499005804208,-2.696539702293474e308,1.0,1,254
25.4,0.1,0.8221209999510837,-2.696539702293474e308,1.0,0,254
25.5,0.1,0.8395226626215401,-2.696539702293474e308,1.0,0,255
25.5,0.1,0.7622162182767288,-2.696539702293474e308,1.0,1,255
25.6,0.1,0.8646241189549821,-2.696539702293474e308,1.0,0,256
25.6,0.1,0.7197130992728302,-2.696539702293474e308,1.0,1,256
25.7,0.1,0.8395226626215401,-2.696539702293474e308,1.0,0,257
25.7,0.1,0.7622162182767288,-2.696539702293474e308,1.0,1,257
25.8,0.1,0.8221209999510837,-2.696539702293474e308,1.0,0,258
25.8,0.1,0.7526810796395946,-2.696539702293474e308,1.0,1,258
25.9,0.1,0.8395226626215401,-2.696539702293474e308,1.0,0,259
25.9,0.1,0.7622162182767288,-2.696539702293474e308,1.0,1,259
26.0,0.1,0.8125858613139496,-2.696539702293474e308,1.0,0,260
26.0,0.1,0.7891530195843194,-2.696539702293474e308,1.0,1,260
26.1,0.1,0.8395226626215401,-2.696539702293474e308,1.0,0,261
26.1,0.1,0.7622162182767288,-2.696539702293474e308,1.0,1,261
26.2,0.1,0.7526810796395946,-2.696539702293474e308,1.0,1,262
26.2,0.1,0.8221209999510837,-2.696539702293474e308,1.0,0,262
26.3,0.1,0.7622162182767288,-2.696539702293474e308,1.0,1,263
26.3,0.1,0.8395226626215401,-2.696539702293474e308,1.0,0,263
26.4,0.1,0.8646241189549821,-2.696539702293474e308,1.0,0,264
26.4,0.1,0.7197130992728302,-2.696539702293474e308,1.0,1,264
26.5,0.1,0.7622162182767288,-2.696539702293474e308,1.0,1,265
26.5,0.1,0.8395226626215401,-2.696539702293474e308,1.0,0,265
26.6,0.1,0.8221209999510837,-2.696539702293474e308,1.0,0,266
26.6,0.1,0.7526810796395946,-2.696539702293474e308,1.0,1,266
26.7,0.1,0.8395226626215401,-2.696539702293474e308,1.0,0,267
26.7,0.1,0.7622162182767288,-2.696539702293474e308,1.0,1,267
26.8,0.1,0.8125858613139496,-2.696539702293474e308,1.0,0,268
26.8,0.1,0.7891530195843194,-2.696539702293474e308,1.0,1,268
26.9,0.1,0.7622162182767288,-2.696539702293474e308,1.0,1,269
26.9,0.1,0.8395226626215401,-2.696539702293474e308,1.0,0,269
27.0,0.1,0.8221209999510837,-2.696539702293474e308,1.0,0,270
27.0,0.1,0.7526810796395946,-2.696539702293474e308,1.0,1,270
27.1,0.1,0.8395226626215401,-2.696539702293474e308,1.0,0,271
27.1,0.1,0.7622162182767288,-2.696539702293474e308,1.0,1,271
27.2,0.1,0.8490578012586742,-2.696539702293474e308,1.0,0,272
27.2,0.1,0.7197130992728302,-2.696539702293474e308,1.0,1,272
27.3,0.1,0.8221209999510837,-2.696539702293474e308,1.0,0,273
27.3,0.1,0.7466499005804208,-2.696539702293474e308,1.0,1,273
27.4,0.1,0.8125858613139496,-2.696539702293474e308,1.0,0,274
27.4,0.1,0.7371147619432866,-2.696539702293474e308,1.0,1,274
27.5,0.1,0.8221209999510837,-2.696539702293474e308,1.0,0,275
27.5,0.1,0.7466499005804208,-2.696539702293474e308,1.0,1,275
27.6,0.1,0.7622162182767288,-2.696539702293474e308,1.0,1,276
27.6,0.1,0.7796178809471852,-2.696539702293474e308,1.0,0,276
27.7,0.1,0.7466499005804208,-2.696539702293474e308,1.0,1,277
27.7,0.1,0.8221209999510837,-2.696539702293474e308,1.0,0,277
27.8,0.1,0.7371147619432866,-2.696539702293474e308,1.0,1,278
27.8,0.1,0.8125858613139496,-2.696539702293474e308,1.0,0,278
27.9,0.1,0.7466499005804208,-2.696539702293474e308,1.0,1,279
27.9,0.1,0.8221209999510837,-2.696539702293474e308,1.0,0,279
28.0,0.1,0.7197130992728302,-2.696539702293474e308,1.0,1,280
28.0,0.1,0.8490578012586742,-2.696539702293474e308,1.0,0,280
28.1,0.1,0.7466499005804208,-2.696539702293474e308,1.0,1,281
28.1,0.1,0.8221209999510837,-2.696539702293474e308,1.0,0,281
28.2,0.1,0.8125858613139496,-2.696539702293474e308,1.0,0,282
28.2,0.1,0.7371147619432866,-2.696539702293474e308,1.0,1,282
28.3,0.1,0.8221209999510837,-2.696539702293474e308,1.0,0,283
28.3,0.1,0.7466499005804208,-2.696539702293474e308,1.0,1,283
28.4,0.1,0.7622162182767288,-2.696539702293474e308,1.0,1,284
28.4,0.1,0.7796178809471852,-2.696539702293474e308,1.0,0,284
28.5,0.1,0.7466499005804208,-2.696539702293474e308,1.0,1,285
28.5,0.1,0.8221209999510837,-2.696539702293474e308,1.0,0,285
28.6,0.1,0.7371147619432866,-2.696539702293474e308,1.0,1,286
28.6,0.1,0.8125858613139496,-2.696539702293474e308,1.0,0,286
28.7,0.1,0.7466499005804208,-2.696539702293474e308,1.0,1,287
28.7,0.1,0.8221209999510837,-2.696539702293474e308,1.0,0,287
28.8,0.1,0.7622162182767288,-2.696539702293474e308,1.0,0,288
28.8,0.1,0.6867451189060659,-2.696539702293474e308,1.0,1,288
28.9,0.1,0.7197130992728302,-2.696539702293474e308,1.0,1,289
28.9,0.1,0.8490578012586742,-2.696539702293474e308,1.0,0,289
29.0,0.1,0.8395226626215401,-2.696539702293474e308,1.0,0,290
29.0,0.1,0.7101779606356962,-2.696539702293474e308,1.0,1,290
29.1,0.1,0.8490578012586742,-2.696539702293474e308,1.0,0,291
29.1,0.1,0.7197130992728302,-2.696539702293474e308,1.0,1,291
29.2,0.1,0.8646241189549821,-2.696539702293474e308,1.0,0,292
29.2,0.1,0.7371147619432866,-2.696539702293474e308,1.0,1,292
29.3,0.1,0.8490578012586742,-2.696539702293474e308,1.0,0,293
29.3,0.1,0.7197130992728302,-2.696539702293474e308,1.0,1,293
29.4,0.1,0.8395226626215401,-2.696539702293474e308,1.0,0,294
29.4,0.1,0.7101779606356962,-2.696539702293474e308,1.0,1,294
29.5,0.1,0.7197130992728302,-2.696539702293474e308,1.0,1,295
29.5,0.1,0.8490578012586742,-2.696539702293474e308,1.0,0,295
29.6,0.1,0.6867451189060659,-2.696539702293474e308,1.0,1,296
29.6,0.1,0.7622162182767288,-2.696539702293474e308,1.0,0,296
29.7,0.1,0.7197130992728302,-2.696539702293474e308,1.0,1,297
29.7,0.1,0.8490578012586742,-2.696539702293474e308,1.0,0,297
29.8,0.1,0.7101779606356962,-2.696539702293474e308,1.0,1,298
29.8,0.1,0.8395226626215401,-2.696539702293474e308,1.0,0,298
29.9,0.1,0.7197130992728302,-2.696539702293474e308,1.0,1,299
29.9,0.1,0.8490578012586742,-2.696539702293474e308,1.0,0,299
30.0,0.1,0.7371147619432866,-2.696539702293474e308,1.0,1,300
30.0,0.1,0.8646241189549821,-2.696539702293474e308,1.0,0,300
30.1,0.1,0.7197130992728302,-2.696539702293474e308,1.0,1,301
30.1,0.1,0.8490578012586742,-2.696539702293474e308,1.0,0,301
30.2,0.1,0.7101779606356962,-2.696539702293474e308,1.0,1,302
30.2,0.1,0.8395226626215401,-2.696539702293474e308,1.0,0,302
30.3,0.1,0.8490578012586742,-2.696539702293474e308,1.0,0,303
30.3,0.1,0.7197130992728302,-2.696539702293474e308,1.0,1,303
30.4,0.1,0.7682473973359026,-2.696539702293474e308,1.0,0,304
30.4,0.1,0.6927762979652397,-2.696539702293474e308,1.0,1,304
30.5,0.1,0.8221209999510837,-2.696539702293474e308,1.0,0,305
30.5,0.1,0.7466499005804208,-2.696539702293474e308,1.0,1,305
30.6,0.1,0.8125858613139496,-2.696539702293474e308,1.0,0,306
30.6,0.1,0.7371147619432866,-2.696539702293474e308,1.0,1,306
30.7,0.1,0.8221209999510837,-2.696539702293474e308,1.0,0,307
30.7,0.1,0.7466499005804208,-2.696539702293474e308,1.0,1,307
30.8,0.1,0.8490578012586742,-2.696539702293474e308,1.0,0,308
30.8,0.1,0.7197130992728302,-2.696539702293474e308,1.0,1,308
30.9,0.1,0.8221209999510837,-2.696539702293474e308,1.0,0,309
30.9,0.1,0.7466499005804208,-2.696539702293474e308,1.0,1,309
31.0,0.1,0.8125858613139496,-2.696539702293474e308,1.0,0,310
31.0,0.1,0.7371147619432866,-2.696539702293474e308,1.0,1,310
31.1,0.1,0.7466499005804208,-2.696539702293474e308,1.0,1,311
31.1,0.1,0.8221209999510837,-2.696539702293474e308,1.0,0,311
31.2,0.1,0.6927762979652397,-2.696539702293474e308,1.0,1,312
31.2,0.1,0.7682473973359026,-2.696539702293474e308,1.0,0,312
31.3,0.1,0.8221209999510837,-2.696539702293474e308,1.0,0,313
31.3,0.1,0.7466499005804208,-2.696539702293474e308,1.0,1,313
31.4,0.1,0.8125858613139496,-2.696539702293474e308,1.0,0,314
31.4,0.1,0.7371147619432866,-2.696539702293474e308,1.0,1,314
31.5,0.1,0.7466499005804208,-2.696539702293474e308,1.0,1,315
31.5,0.1,0.8221209999510837,-2.696539702293474e308,1.0,0,315
31.6,0.1,0.8490578012586742,-2.696539702293474e308,1.0,0,316
31.6,0.1,0.7197130992728302,-2.696539702293474e308,1.0,1,316
31.7,0.1,0.8221209999510837,-2.696539702293474e308,1.0,0,317
31.7,0.1,0.7466499005804208,-2.696539702293474e308,1.0,1,317
31.8,0.1,0.8125858613139496,-2.696539702293474e308,1.0,0,318
31.8,0.1,0.7371147619432866,-2.696539702293474e308,1.0,1,318
31.9,0.1,0.7466499005804208,-2.696539702293474e308,1.0,1,319
31.9,0.1,0.8221209999510837,-2.696539702293474e308,1.0,0,319
32.0,0.1,0.6772099802689318,-2.696539702293474e308,1.0,1,320
32.0,0.1,0.8490578012586742,-2.696539702293474e308,1.0,0,320
32.1,0.1,0.7466499005804208,-2.696539702293474e308,1.0,1,321
32.1,0.1,0.8221209999510837,-2.696539702293474e308,1.0,0,321
32.2,0.1,0.7371147619432866,-2.696539702293474e308,1.0,1,322
32.2,0.1,0.8125858613139496,-2.696539702293474e308,1.0,0,322
32.3,0.1,0.8221209999510837,-2.696539702293474e308,1.0,0,323
32.3,0.1,0.7466499005804208,-2.696539702293474e308,1.0,1,323
32.4,0.1,0.7622162182767288,-2.696539702293474e308,1.0,1,324
32.4,0.1,0.7796178809471852,-2.696539702293474e308,1.0,0,324
32.5,0.1,0.8221209999510837,-2.696539702293474e308,1.0,0,325
32.5,0.1,0.7466499005804208,-2.696539702293474e308,1.0,1,325
32.6,0.1,0.8125858613139496,-2.696539702293474e308,1.0,0,326
32.6,0.1,0.7371147619432866,-2.696539702293474e308,1.0,1,326
32.7,0.1,0.7466499005804208,-2.696539702293474e308,1.0,1,327
32.7,0.1,0.8221209999510837,-2.696539702293474e308,1.0,0,327
32.8,0.1,0.6772099802689318,-2.696539702293474e308,1.0,1,328
32.8,0.1,0.8490578012586742,-2.696539702293474e308,1.0,0,328
32.9,0.1,0.8221209999510837,-2.696539702293474e308,1.0,0,329
32.9,0.1,0.7466499005804208,-2.696539702293474e308,1.0,1,329
33.0,0.1,0.8125858613139496,-2.696539702293474e308,1.0,0,330
33.0,0.1,0.7371147619432866,-2.696539702293474e308,1.0,1,330
33.1,0.1,0.8221209999510837,-2.696539702293474e308,1.0,0,331
33.1,0.1,0.7466499005804208,-2.696539702293474e308,1.0,1,331
33.2,0.1,0.7622162182767288,-2.696539702293474e308,1.0,1,332
33.2,0.1,0.7796178809471852,-2.696539702293474e308,1.0,0,332
33.3,0.1,0.8221209999510837,-2.696539702293474e308,1.0,0,333
33.3,0.1,0.7466499005804208,-2.696539702293474e308,1.0,1,333
33.4,0.1,0.8125858613139496,-2.696539702293474e308,1.0,0,334
33.4,0.1,0.7371147619432866,-2.696539702293474e308,1.0,1,334
33.5,0.1,0.8221209999510837,-2.696539702293474e308,1.0,0,335
33.5,0.1,0.7466499005804208,-2.696539702293474e308,1.0,1,335
33.6,0.1,0.6772099802689318,-2.696539702293474e308,1.0,1,336
33.6,0.1,0.870655298014156,-2.696539702293474e308,1.0,0,336
33.7,0.1,0.8221209999510837,-2.696539702293474e308,1.0,0,337
33.7,0.1,0.7466499005804208,-2.696539702293474e308,1.0,1,337
33.8,0.1,0.7371147619432866,-2.696539702293474e308,1.0,1,338
33.8,0.1,0.8125858613139496,-2.696539702293474e308,1.0,0,338
33.9,0.1,0.8221209999510837,-2.696539702293474e308,1.0,0,339
33.9,0.1,0.7466499005804208,-2.696539702293474e308,1.0,1,339
34.0,0.1,0.7951841986434931,-2.696539702293474e308,1.0,0,340
34.0,0.1,0.7197130992728302,-2.696539702293474e308,1.0,1,340
34.1,0.1,0.8221209999510837,-2.696539702293474e308,1.0,0,341
34.1,0.1,0.7466499005804208,-2.696539702293474e308,1.0,1,341
34.2,0.1,0.8125858613139496,-2.696539702293474e308,1.0,0,342
34.2,0.1,0.7371147619432866,-2.696539702293474e308,1.0,1,342
34.3,0.1,0.8221209999510837,-2.696539702293474e308,1.0,0,343
34.3,0.1,0.7466499005804208,-2.696539702293474e308,1.0,1,343
34.4,0.1,0.6772099802689318,-2.696539702293474e308,1.0,1,344
34.4,0.1,0.870655298014156,-2.696539702293474e308,1.0,0,344
34.5,0.1,0.8221209999510837,-2.696539702293474e308,1.0,0,345
34.5,0.1,0.7466499005804208,-2.696539702293474e308,1.0,1,345
34.6,0.1,0.8125858613139496,-2.696539702293474e308,1.0,0,346
34.6,0.1,0.7371147619432866,-2.696539702293474e308,1.0,1,346
34.7,0.1,0.8221209999510837,-2.696539702293474e308,1.0,0,347
34.7,0.1,0.7466499005804208,-2.696539702293474e308,1.0,1,347
34.8,0.1,0.7197130992728302,-2.696539702293474e308,1.0,1,348
34.8,0.1,0.7951841986434931,-2.696539702293474e308,1.0,0,348
34.9,0.1,0.7466499005804208,-2.696539702293474e308,1.0,1,349
34.9,0.1,0.8221209999510837,-2.696539702293474e308,1.0,0,349
35.0,0.1,0.7371147619432866,-2.696539702293474e308,1.0,1,350
35.0,0.1,0.8125858613139496,-2.696539702293474e308,1.0,0,350
35.1,0.1,0.7466499005804208,-2.696539702293474e308,1.0,1,351
35.1,0.1,0.8221209999510837,-2.696539702293474e308,1.0,0,351
35.2,0.1,0.6772099802689318,-2.696539702293474e308,1.0,1,352
35.2,0.1,0.8820257816254385,-2.696539702293474e308,1.0,0,352
35.3,0.1,0.7466499005804208,-2.696539702293474e308,1.0,1,353
35.3,0.1,0.8221209999510837,-2.696539702293474e308,1.0,0,353
35.4,0.1,0.7371147619432866,-2.696539702293474e308,1.0,1,354
35.4,0.1,0.8125858613139496,-2.696539702293474e308,1.0,0,354
35.5,0.1,0.7466499005804208,-2.696539702293474e308,1.0,1,355
35.5,0.1,0.8221209999510837,-2.696539702293474e308,1.0,0,355
35.6,0.1,0.8395226626215401,-2.696539702293474e308,1.0,0,356
35.6,0.1,0.7622162182767288,-2.696539702293474e308,1.0,1,356
35.7,0.1,0.7466499005804208,-2.696539702293474e308,1.0,1,357
35.7,0.1,0.8221209999510837,-2.696539702293474e308,1.0,0,357
35.8,0.1,0.8125858613139496,-2.696539702293474e308,1.0,0,358
35.8,0.1,0.7371147619432866,-2.696539702293474e308,1.0,1,358
35.9,0.1,0.8221209999510837,-2.696539702293474e308,1.0,0,359
35.9,0.1,0.7466499005804208,-2.696539702293474e308,1.0,1,359
36.0,0.1,0.8820257816254385,-2.696539702293474e308,1.0,0,360
36.0,0.1,0.6772099802689318,-2.696539702293474e308,1.0,1,360
36.1,0.1,0.8221209999510837,-2.696539702293474e308,1.0,0,361
36.1,0.1,0.7466499005804208,-2.696539702293474e308,1.0,1,361
36.2,0.1,0.8125858613139496,-2.696539702293474e308,1.0,0,362
36.2,0.1,0.7371147619432866,-2.696539702293474e308,1.0,1,362
36.3,0.1,0.8221209999510837,-2.696539702293474e308,1.0,0,363
36.3,0.1,0.7466499005804208,-2.696539702293474e308,1.0,1,363
36.4,0.1,0.8395226626215401,-2.696539702293474e308,1.0,0,364
36.4,0.1,0.7622162182767288,-2.696539702293474e308,1.0,1,364
36.5,0.1,0.7466499005804208,-2.696539702293474e308,1.0,1,365
36.5,0.1,0.8221209999510837,-2.696539702293474e308,1.0,0,365
36.6,0.1,0.7371147619432866,-2.696539702293474e308,1.0,1,366
36.6,0.1,0.8125858613139496,-2.696539702293474e308,1.0,0,366
36.7,0.1,0.7466499005804208,-2.696539702293474e308,1.0,1,367
36.7,0.1,0.8221209999510837,-2.696539702293474e308,1.0,0,367
36.8,0.1,0.8915609202625728,-2.696539702293474e308,1.0,0,368
36.8,0.1,0.6772099802689318,-2.696539702293474e308,1.0,1,368
36.9,0.1,0.7466499005804208,-2.696539702293474e308,1.0,1,369
36.9,0.1,0.8221209999510837,-2.696539702293474e308,1.0,0,369
37.0,0.1,0.7371147619432866,-2.696539702293474e308,1.0,1,370
37.0,0.1,0.8125858613139496,-2.696539702293474e308,1.0,0,370
37.1,0.1,0.7466499005804208,-2.696539702293474e308,1.0,1,371
37.1,0.1,0.8221209999510837,-2.696539702293474e308,1.0,0,371
37.2,0.1,0.8395226626215401,-2.696539702293474e308,1.0,0,372
37.2,0.1,0.7622162182767288,-2.696539702293474e308,1.0,1,372
37.3,0.1,0.8221209999510837,-2.696539702293474e308,1.0,0,373
37.3,0.1,0.7466499005804208,-2.696539702293474e308,1.0,1,373
37.4,0.1,0.8125858613139496,-2.696539702293474e308,1.0,0,374
37.4,0.1,0.7371147619432866,-2.696539702293474e308,1.0,1,374
37.5,0.1,0.8221209999510837,-2.696539702293474e308,1.0,0,375
37.5,0.1,0.7466499005804208,-2.696539702293474e308,1.0,1,375
37.6,0.1,0.6772099802689318,-2.696539702293474e308,1.0,1,376
37.6,0.1,0.8915609202625728,-2.696539702293474e308,1.0,0,376
37.7,0.1,0.8221209999510837,-2.696539702293474e308,1.0,0,377
37.7,0.1,0.7466499005804208,-2.696539702293474e308,1.0,1,377
37.8,0.1,0.7371147619432866,-2.696539702293474e308,1.0,1,378
37.8,0.1,0.8125858613139496,-2.696539702293474e308,1.0,0,378
37.9,0.1,0.7466499005804208,-2.696539702293474e308,1.0,1,379
37.9,0.1,0.8221209999510837,-2.696539702293474e308,1.0,0,379
38.0,0.1,0.7622162182767288,-2.696539702293474e308,1.0,1,380
38.0,0.1,0.8395226626215401,-2.696539702293474e308,1.0,0,380
38.1,0.1,0.8221209999510837,-2.696539702293474e308,1.0,0,381
38.1,0.1,0.7466499005804208,-2.696539702293474e308,1.0,1,381
38.2,0.1,0.8125858613139496,-2.696539702293474e308,1.0,0,382
38.2,0.1,0.7371147619432866,-2.696539702293474e308,1.0,1,382
38.3,0.1,0.8221209999510837,-2.696539702293474e308,1.0,0,383
38.3,0.1,0.7466499005804208,-2.696539702293474e308,1.0,1,383
38.4,0.00625,0.0,-2.696539702293474e308,0.0,1,384
38.4,0.00625,0.0,-2.696539702293474e308,0.0,0,384
38.40625,4.8,0.0,-2.696539702293474e308,0.0,1,385
38.40625,0.1,0.6772099802689318,-2.696539702293474e308,1.0,0,385
38.50625,0.1,0.7101779606356962,-2.696539702293474e308,1.0,0,386
38.60625,0.1,0.7371147619432866,-2.696539702293474e308,1.0,0,387
38.70625,0.1,0.7622162182767288,-2.696539702293474e308,1.0,0,388
38.80625,0.1,0.7891530195843194,-2.696539702293474e308,1.0,0,389
38.90625,0.1,0.7622162182767288,-2.696539702293474e308,1.0,0,390
39.00625,0.1,0.7526810796395946,-2.696539702293474e308,1.0,0,391
39.10625,0.1,0.7622162182767288,-2.696539702293474e308,1.0,0,392
39.20625,0.1,0.8125858613139496,-2.696539702293474e308,1.0,0,393
39.30625,0.1,0.7622162182767288,-2.696539702293474e308,1.0,0,394
39.40625,0.1,0.8395226626215401,-2.696539702293474e308,1.0,0,395
39.50625,0.1,0.8125858613139496,-2.696539702293474e308,1.0,0,396
39.60625,0.1,0.7891530195843194,-2.696539702293474e308,1.0,0,397
39.70625,0.1,0.7622162182767288,-2.696539702293474e308,1.0,0,398
39.80625,0.1,0.7526810796395946,-2.696539702293474e308,1.0,0,399
39.90625,0.1,0.7622162182767288,-2.696539702293474e308,1.0,0,400
40.00625,0.1,0.6772099802689318,-2.696539702293474e308,1.0,0,401
40.10625,0.1,0.7197130992728302,-2.696539702293474e308,1.0,0,402
40.20625,0.1,0.7466499005804208,-2.696539702293474e308,1.0,0,403
40.30625,0.1,0.7796178809471852,-2.696539702293474e308,1.0,0,404
40.40625,0.1,0.8221209999510837,-2.696539702293474e308,1.0,0,405
40.50625,0.1,0.7796178809471852,-2.696539702293474e308,1.0,0,406
40.60625,0.1,0.7682473973359026,-2.696539702293474e308,1.0,0,407
40.70625,0.1,0.7796178809471852,-2.696539702293474e308,1.0,0,408
40.80625,0.1,0.8490578012586742,-2.696539702293474e308,1.0,0,409
40.90625,0.1,0.8221209999510837,-2.696539702293474e308,1.0,0,410
41.00625,0.1,0.8820257816254385,-2.696539702293474e308,1.0,0,411
41.10625,0.1,0.8490578012586742,-2.696539702293474e308,1.0,0,412
41.20625,0.1,0.8221209999510837,-2.696539702293474e308,1.0,0,413
41.30625,0.1,0.7891530195843194,-2.696539702293474e308,1.0,0,414
41.40625,0.1,0.7796178809471852,-2.696539702293474e308,1.0,0,415
41.50625,0.1,0.7891530195843194,-2.696539702293474e308,1.0,0,416
41.60625,0.1,0.6772099802689318,-2.696539702293474e308,1.0,0,417
41.70625,0.1,0.6927762979652397,-2.696539702293474e308,1.0,0,418
41.80625,0.1,0.7682473973359026,-2.696539702293474e308,1.0,0,419
41.90625,0.1,0.8221209999510837,-2.696539702293474e308,1.0,0,420
42.00625,0.1,0.8490578012586742,-2.696539702293474e308,1.0,0,421
42.10625,0.1,0.8221209999510837,-2.696539702293474e308,1.0,0,422
42.20625,0.1,0.8125858613139496,-2.696539702293474e308,1.0,0,423
42.30625,0.1,0.8221209999510837,-2.696539702293474e308,1.0,0,424
42.40625,0.1,0.870655298014156,-2.696539702293474e308,1.0,0,425
42.50625,0.1,0.8221209999510837,-2.696539702293474e308,1.0,0,426
42.60625,0.1,0.8975920993217466,-2.696539702293474e308,1.0,0,427
42.70625,0.1,0.870655298014156,-2.696539702293474e308,1.0,0,428
42.80625,0.1,0.8550889803178481,-2.696539702293474e308,1.0,0,429
42.90625,0.1,0.8221209999510837,-2.696539702293474e308,1.0,0,430
43.00625,0.1,0.8125858613139496,-2.696539702293474e308,1.0,0,431
43.10625,0.1,0.8221209999510837,-2.696539702293474e308,1.0,0,432
43.20625,0.1,0.6772099802689318,-2.696539702293474e308,1.0,1,386
43.20625,0.1,0.0,-2.696539702293474e308,0.0,0,433
43.30625,0.1,0.9419305632997935,-2.696539702293474e308,1.0,0,434
43.30625,0.1,0.6772099802689318,-2.696539702293474e308,1.0,1,387
43.40625,0.1,0.9245289006293371,-2.696539702293474e308,1.0,0,435
43.40625,0.1,0.6772099802689318,-2.696539702293474e308,1.0,1,388
43.50625,0.1,0.9419305632997935,-2.696539702293474e308,1.0,0,436
43.50625,0.1,0.6772099802689318,-2.696539702293474e308,1.0,1,389
43.60625,0.1,0.9514657019369276,-2.696539702293474e308,1.0,0,437
43.60625,0.1,0.6772099802689318,-2.696539702293474e308,1.0,1,390
43.70625,0.1,0.9245289006293371,-2.696539702293474e308,1.0,0,438
43.70625,0.1,0.6772099802689318,-2.696539702293474e308,1.0,1,391
43.80625,0.1,0.9149937619922028,-2.696539702293474e308,1.0,0,439
43.80625,0.1,0.6772099802689318,-2.696539702293474e308,1.0,1,392
43.90625,0.1,0.6772099802689318,-2.696539702293474e308,1.0,1,393
43.90625,0.1,0.9245289006293371,-2.696539702293474e308,1.0,0,440
44.00625,0.1,0.6772099802689318,-2.696539702293474e308,1.0,1,394
44.00625,0.1,0.8975920993217466,-2.696539702293474e308,1.0,0,441
44.10625,0.1,0.6772099802689318,-2.696539702293474e308,1.0,1,395
44.10625,0.1,0.9245289006293371,-2.696539702293474e308,1.0,0,442
44.20625,0.1,0.9149937619922028,-2.696539702293474e308,1.0,0,443
44.20625,0.1,0.6772099802689318,-2.696539702293474e308,1.0,1,396
44.30625,0.1,0.6772099802689318,-2.696539702293474e308,1.0,1,397
44.30625,0.1,0.9245289006293371,-2.696539702293474e308,1.0,0,444
44.40625,0.1,0.9419305632997935,-2.696539702293474e308,1.0,0,445
44.40625,0.1,0.6772099802689318,-2.696539702293474e308,1.0,1,398
44.50625,0.1,0.9149937619922028,-2.696539702293474e308,1.0,0,446
44.50625,0.1,0.6772099802689318,-2.696539702293474e308,1.0,1,399
44.60625,0.1,0.6772099802689318,-2.696539702293474e308,1.0,1,400
44.60625,0.1,0.8975920993217466,-2.696539702293474e308,1.0,0,447
44.70625,0.1,0.9149937619922028,-2.696539702293474e308,1.0,0,448
44.70625,0.1,0.0,-2.696539702293474e308,0.0,1,401
44.80625,0.1,0.8820257816254385,-2.696539702293474e308,1.0,0,449
44.80625,0.1,0.6772099802689318,-2.696539702293474e308,1.0,1,402
44.90625,0.1,0.9149937619922028,-2.696539702293474e308,1.0,0,450
44.90625,0.1,0.8395226626215401,-2.696539702293474e308,1.0,1,403
45.00625,0.1,0.8221209999510837,-2.696539702293474e308,1.0,1,404
45.00625,0.1,0.8975920993217466,-2.696539702293474e308,1.0,0,451
45.10625,0.1,0.8395226626215401,-2.696539702293474e308,1.0,1,405
45.10625,0.1,0.9149937619922028,-2.696539702293474e308,1.0,0,452
45.20625,0.1,0.8550889803178481,-2.696539702293474e308,1.0,1,406
45.20625,0.1,0.9245289006293371,-2.696539702293474e308,1.0,0,453
45.30625,0.1,0.8395226626215401,-2.696539702293474e308,1.0,1,407
45.30625,0.1,0.9149937619922028,-2.696539702293474e308,1.0,0,454
45.40625,0.1,0.8221209999510837,-2.696539702293474e308,1.0,1,408
45.40625,0.1,0.8975920993217466,-2.696539702293474e308,1.0,0,455
45.50625,0.1,0.8395226626215401,-2.696539702293474e308,1.0,1,409
45.50625,0.1,0.9149937619922028,-2.696539702293474e308,1.0,0,456
45.60625,0.1,0.7951841986434931,-2.696539702293474e308,1.0,1,410
45.60625,0.1,0.870655298014156,-2.696539702293474e308,1.0,0,457
45.70625,0.1,0.8975920993217466,-2.696539702293474e308,1.0,0,458
45.70625,0.1,0.8221209999510837,-2.696539702293474e308,1.0,1,411
45.80625,0.1,0.8125858613139496,-2.696539702293474e308,1.0,1,412
45.80625,0.1,0.8820257816254385,-2.696539702293474e308,1.0,0,459
45.90625,0.1,0.8221209999510837,-2.696539702293474e308,1.0,1,413
45.90625,0.1,0.8975920993217466,-2.696539702293474e308,1.0,0,460
46.00625,0.1,0.9149937619922028,-2.696539702293474e308,1.0,0,461
46.00625,0.1,0.8395226626215401,-2.696539702293474e308,1.0,1,414
46.10625,0.1,0.8975920993217466,-2.696539702293474e308,1.0,0,462
46.10625,0.1,0.8221209999510837,-2.696539702293474e308,1.0,1,415
46.20625,0.1,0.8820257816254385,-2.696539702293474e308,1.0,0,463
46.20625,0.1,0.8125858613139496,-2.696539702293474e308,1.0,1,416
46.30625,0.1,0.8975920993217466,-2.696539702293474e308,1.0,0,464
46.30625,0.1,0.8221209999510837,-2.696539702293474e308,1.0,1,417
46.40625,0.1,0.8395226626215401,-2.696539702293474e308,1.0,0,465
46.40625,0.1,0.7796178809471852,-2.696539702293474e308,1.0,1,418
46.50625,0.1,0.984433682303692,-2.696539702293474e308,1.0,0,466
46.50625,0.1,0.8125858613139496,-2.696539702293474e308,1.0,1,419
46.60625,0.1,0.9670320196332356,-2.696539702293474e308,1.0,0,467
46.60625,0.1,0.7951841986434931,-2.696539702293474e308,1.0,1,420
46.70625,0.1,0.984433682303692,-2.696539702293474e308,1.0,0,468
46.70625,0.1,0.8125858613139496,-2.696539702293474e308,1.0,1,421
46.80625,0.1,1.0,-2.696539702293474e308,1.0,0,469
46.80625,0.1,0.8221209999510837,-2.696539702293474e308,1.0,1,422
46.90625,0.1,0.984433682303692,-2.696539702293474e308,1.0,0,470
46.90625,0.1,0.8125858613139496,-2.696539702293474e308,1.0,1,423
47.00625,0.1,0.9670320196332356,-2.696539702293474e308,1.0,0,471
47.00625,0.1,0.7951841986434931,-2.696539702293474e308,1.0,1,424
47.10625,0.1,0.984433682303692,-2.696539702293474e308,1.0,0,472
47.10625,0.1,0.8125858613139496,-2.696539702293474e308,1.0,1,425
47.20625,0.1,0.9419305632997935,-2.696539702293474e308,1.0,0,473
47.20625,0.1,0.7622162182767288,-2.696539702293474e308,1.0,1,426
47.30625,0.1,0.7951841986434931,-2.696539702293474e308,1.0,1,427
47.30625,0.1,0.9670320196332356,-2.696539702293474e308,1.0,0,474
47.40625,0.1,0.9514657019369276,-2.696539702293474e308,1.0,0,475
47.40625,0.1,0.7796178809471852,-2.696539702293474e308,1.0,1,428
47.50625,0.1,0.9670320196332356,-2.696539702293474e308,1.0,0,476
47.50625,0.1,0.7951841986434931,-2.696539702293474e308,1.0,1,429
47.60625,0.1,0.984433682303692,-2.696539702293474e308,1.0,0,477
47.60625,0.1,0.8125858613139496,-2.696539702293474e308,1.0,1,430
47.70625,0.1,0.9670320196332356,-2.696539702293474e308,1.0,0,478
47.70625,0.1,0.7951841986434931,-2.696539702293474e308,1.0,1,431
47.80625,0.1,0.9514657019369276,-2.696539702293474e308,1.0,0,479
47.80625,0.1,0.7796178809471852,-2.696539702293474e308,1.0,1,432
47.90625,0.1,0.9670320196332356,-2.696539702293474e308,1.0,0,480
47.90625,0.1,0.7951841986434931,-2.696539702293474e308,1.0,1,433
48.00625,0.1,0.7466499005804208,-2.696539702293474e308,1.0,1,434
48.00625,0.1,0.9245289006293371,-2.696539702293474e308,1.0,0,481
48.10625,0.1,0.8820257816254385,-2.696539702293474e308,1.0,1,435
48.10625,0.1,0.9514657019369276,-2.696539702293474e308,1.0,0,482
48.20625,0.1,0.8646241189549821,-2.696539702293474e308,1.0,1,436
48.20625,0.1,0.9419305632997935,-2.696539702293474e308,1.0,0,483
48.30625,0.1,0.9514657019369276,-2.696539702293474e308,1.0,0,484
48.30625,0.1,0.8820257816254385,-2.696539702293474e308,1.0,1,437
48.40625,0.1,0.8915609202625728,-2.696539702293474e308,1.0,1,438
48.40625,0.1,0.9670320196332356,-2.696539702293474e308,1.0,0,485
48.50625,0.1,0.9514657019369276,-2.696539702293474e308,1.0,0,486
48.50625,0.1,0.8820257816254385,-2.696539702293474e308,1.0,1,439
48.60625,0.1,0.9419305632997935,-2.696539702293474e308,1.0,0,487
48.60625,0.1,0.8646241189549821,-2.696539702293474e308,1.0,1,440
48.70625,0.1,0.9514657019369276,-2.696539702293474e308,1.0,0,488
48.70625,0.1,0.8820257816254385,-2.696539702293474e308,1.0,1,441
48.80625,0.1,0.9149937619922028,-2.696539702293474e308,1.0,0,489
48.80625,0.1,0.8395226626215401,-2.696539702293474e308,1.0,1,442
48.90625,0.1,0.9419305632997935,-2.696539702293474e308,1.0,0,490
48.90625,0.1,0.8646241189549821,-2.696539702293474e308,1.0,1,443
49.00625,0.1,0.9245289006293371,-2.696539702293474e308,1.0,0,491
49.00625,0.1,0.8490578012586742,-2.696539702293474e308,1.0,1,444
49.10625,0.1,0.9419305632997935,-2.696539702293474e308,1.0,0,492
49.10625,0.1,0.8646241189549821,-2.696539702293474e308,1.0,1,445
49.20625,0.1,0.9514657019369276,-2.696539702293474e308,1.0,0,493
49.20625,0.1,0.8820257816254385,-2.696539702293474e308,1.0,1,446
49.30625,0.1,0.9419305632997935,-2.696539702293474e308,1.0,0,494
49.30625,0.1,0.8646241189549821,-2.696539702293474e308,1.0,1,447
49.40625,0.1,0.9245289006293371,-2.696539702293474e308,1.0,0,495
49.40625,0.1,0.8490578012586742,-2.696539702293474e308,1.0,1,448
49.50625,0.1,0.8646241189549821,-2.696539702293474e308,1.0,1,449
49.50625,0.1,0.9419305632997935,-2.696539702293474e308,1.0,0,496
49.60625,0.1,0.8221209999510837,-2.696539702293474e308,1.0,1,450
49.60625,0.1,0.8820257816254385,-2.696539702293474e308,1.0,0,497
49.70625,0.1,0.8490578012586742,-2.696539702293474e308,1.0,1,451
49.70625,0.1,0.9245289006293371,-2.696539702293474e308,1.0,0,498
49.80625,0.1,0.8395226626215401,-2.696539702293474e308,1.0,1,452
49.80625,0.1,0.9149937619922028,-2.696539702293474e308,1.0,0,499
49.90625,0.1,0.8490578012586742,-2.696539702293474e308,1.0,1,453
49.90625,0.1,0.9245289006293371,-2.696539702293474e308,1.0,0,500
50.00625,0.1,0.8915609202625728,-2.696539702293474e308,1.0,0,501
50.00625,0.1,0.8646241189549821,-2.696539702293474e308,1.0,1,454
50.10625,0.1,0.9670320196332356,-2.696539702293474e308,1.0,0,502
50.10625,0.1,0.8395226626215401,-2.696539702293474e308,1.0,1,455
50.20625,0.1,0.8221209999510837,-2.696539702293474e308,1.0,1,456
50.20625,0.1,0.9514657019369276,-2.696539702293474e308,1.0,0,503
50.30625,0.1,0.9670320196332356,-2.696539702293474e308,1.0,0,504
50.30625,0.1,0.8395226626215401,-2.696539702293474e308,1.0,1,457
50.40625,0.1,0.8820257816254385,-2.696539702293474e308,1.0,0,505
50.40625,0.1,0.8490578012586742,-2.696539702293474e308,1.0,1,458
50.50625,0.1,0.9514657019369276,-2.696539702293474e308,1.0,0,506
50.50625,0.1,0.8221209999510837,-2.696539702293474e308,1.0,1,459
50.60625,0.1,0.8125858613139496,-2.696539702293474e308,1.0,1,460
50.60625,0.1,0.9419305632997935,-2.696539702293474e308,1.0,0,507
50.70625,0.1,0.9514657019369276,-2.696539702293474e308,1.0,0,508
50.70625,0.1,0.8221209999510837,-2.696539702293474e308,1.0,1,461
50.80625,0.1,0.8395226626215401,-2.696539702293474e308,1.0,1,462
50.80625,0.1,0.8646241189549821,-2.696539702293474e308,1.0,0,509
50.90625,0.1,0.9419305632997935,-2.696539702293474e308,1.0,0,510
50.90625,0.1,0.8125858613139496,-2.696539702293474e308,1.0,1,463
51.00625,0.1,0.9245289006293371,-2.696539702293474e308,1.0,0,511
51.00625,0.1,0.7951841986434931,-2.696539702293474e308,1.0,1,464
51.10625,0.1,0.8125858613139496,-2.696539702293474e308,1.0,1,465
51.10625,0.1,0.9419305632997935,-2.696539702293474e308,1.0,0,512
51.20625,0.1,0.8490578012586742,-2.696539702293474e308,1.0,0,513
51.20625,0.1,0.8221209999510837,-2.696539702293474e308,1.0,1,466
51.30625,0.1,0.8490578012586742,-2.696539702293474e308,1.0,1,467
51.30625,0.1,0.9245289006293371,-2.696539702293474e308,1.0,0,514
51.40625,0.1,0.8395226626215401,-2.696539702293474e308,1.0,1,468
51.40625,0.1,0.9149937619922028,-2.696539702293474e308,1.0,0,515
51.50625,0.1,0.8490578012586742,-2.696539702293474e308,1.0,1,469
51.50625,0.1,0.9245289006293371,-2.696539702293474e308,1.0,0,516
51.60625,0.1,0.8915609202625728,-2.696539702293474e308,1.0,0,517
51.60625,0.1,0.7622162182767288,-2.696539702293474e308,1.0,1,470
51.70625,0.1,0.8646241189549821,-2.696539702293474e308,1.0,0,518
51.70625,0.1,0.8395226626215401,-2.696539702293474e308,1.0,1,471
51.80625,0.1,0.8490578012586742,-2.696539702293474e308,1.0,0,519
51.80625,0.1,0.8221209999510837,-2.696539702293474e308,1.0,1,472
51.90625,0.1,0.8646241189549821,-2.696539702293474e308,1.0,0,520
51.90625,0.1,0.8395226626215401,-2.696539702293474e308,1.0,1,473
52.00625,0.1,0.7466499005804208,-2.696539702293474e308,1.0,1,474
52.00625,0.1,0.8820257816254385,-2.696539702293474e308,1.0,0,521
52.10625,0.1,0.8221209999510837,-2.696539702293474e308,1.0,1,475
52.10625,0.1,0.8490578012586742,-2.696539702293474e308,1.0,0,522
52.20625,0.1,0.8395226626215401,-2.696539702293474e308,1.0,0,523
52.20625,0.1,0.8125858613139496,-2.696539702293474e308,1.0,1,476
52.30625,0.1,0.8221209999510837,-2.696539702293474e308,1.0,1,477
52.30625,0.1,0.8490578012586742,-2.696539702293474e308,1.0,0,524
52.40625,0.1,0.7371147619432866,-2.696539702293474e308,1.0,1,478
52.40625,0.1,0.8646241189549821,-2.696539702293474e308,1.0,0,525
52.50625,0.1,0.8125858613139496,-2.696539702293474e308,1.0,1,479
52.50625,0.1,0.8395226626215401,-2.696539702293474e308,1.0,0,526
52.60625,0.1,0.7951841986434931,-2.696539702293474e308,1.0,1,480
52.60625,0.1,0.8221209999510837,-2.696539702293474e308,1.0,0,527
52.70625,0.1,0.8395226626215401,-2.696539702293474e308,1.0,0,528
52.70625,0.1,0.8125858613139496,-2.696539702293474e308,1.0,1,481
52.80625,0.5,0.8550889803178481,-2.696539702293474e308,1.0,0,529
52.80625,0.8,0.8221209999510837,-2.696539702293474e308,1.0,1,482
52.8625,0.8,0.7197130992728302,-2.696539702293474e308,1.0,4,1
52.8625,0.8,0.8023926219430043,-2.696539702293474e308,1.0,2,1
52.8625,0.8,0.7796178809471852,-2.696539702293474e308,1.0,3,1
53.30625,0.1,0.8221209999510837,-2.696539702293474e308,1.0,0,530
53.40625,0.1,0.8395226626215401,-2.696539702293474e308,1.0,0,531
53.50625,0.1,0.8550889803178481,-2.696539702293474e308,1.0,0,532
53.60625,0.1,0.0,-2.696539702293474e308,0.0,1,483
53.60625,0.06666666666666667,0.8646241189549821,-2.696539702293474e308,1.0,0,533
53.6625,0.1,0.0,-2.696539702293474e308,0.0,3,2
53.6625,0.1,0.0,-2.696539702293474e308,0.0,2,2
53.6625,0.1,0.0,-2.696539702293474e308,0.0,4,2
53.672916666666666,0.06666666666666667,0.8820257816254385,-2.696539702293474e308,1.0,0,534
53.70625,0.7,0.0,-2.696539702293474e308,0.0,1,484
53.739583333333336,0.06666666666666667,0.8915609202625728,-2.696539702293474e308,1.0,0,535
53.7625,0.7,0.0,-2.696539702293474e308,0.0,2,3
53.7625,0.7,0.0,-2.696539702293474e308,0.0,4,3
53.7625,0.7,0.0,-2.696539702293474e308,0.0,3,3
53.80625,0.06666666666666667,0.9048005226212578,-2.696539702293474e308,1.0,0,536
53.87291666666667,0.06666666666666667,0.9245289006293371,-2.696539702293474e308,1.0,0,537
53.93958333333333,0.06666666666666667,0.9048005226212578,-2.696539702293474e308,1.0,0,538
54.00625,0.06666666666666667,0.8915609202625728,-2.696539702293474e308,1.0,0,539
54.072916666666664,0.06666666666666667,0.8820257816254385,-2.696539702293474e308,1.0,0,540
54.139583333333334,0.13333333333333333,0.8646241189549821,-2.696539702293474e308,1.0,0,541
54.27291666666667,0.06666666666666667,0.8820257816254385,-2.696539702293474e308,1.0,0,542
54.33958333333333,0.06666666666666667,0.8550889803178481,-2.696539702293474e308,1.0,0,543
54.40625,0.6666666666666666,0.8646241189549821,-2.696539702293474e308,1.0,0,544
54.40625,1.0666666666666667,0.8221209999510837,-2.696539702293474e308,1.0,1,485
54.4625,1.0666666666666667,0.7622162182767288,-2.696539702293474e308,1.0,3,4
54.4625,1.0666666666666667,0.7197130992728302,-2.696539702293474e308,1.0,4,4
54.4625,1.0666666666666667,0.8915609202625728,-2.696539702293474e308,1.0,2,4
55.072916666666664,0.13333333333333333,0.8820257816254385,-2.696539702293474e308,1.0,0,545
55.20625,0.13333333333333333,0.8646241189549821,-2.696539702293474e308,1.0,0,546
55.33958333333333,0.13333333333333333,0.8550889803178481,-2.696539702293474e308,1.0,0,547
55.47291666666667,0.13333333333333333,0.0,-2.696539702293474e308,0.0,1,486
55.47291666666667,0.1,0.8646241189549821,-2.696539702293474e308,1.0,0,548
55.52916666666667,0.13333333333333333,0.0,-2.696539702293474e308,0.0,3,5
55.52916666666667,0.13333333333333333,0.0,-2.696539702293474e308,0.0,4,5
55.52916666666667,0.13333333333333333,0.0,-2.696539702293474e308,0.0,2,5
55.572916666666664,0.1,0.8820257816254385,-2.696539702293474e308,1.0,0,549
55.60625,1.2,0.0,-2.696539702293474e308,0.0,1,487
55.6625,1.2,0.0,-2.696539702293474e308,0.0,4,6
55.6625,1.2,0.0,-2.696539702293474e308,0.0,2,6
55.6625,1.2,0.0,-2.696539702293474e308,0.0,3,6
55.672916666666666,0.1,0.8915609202625728,-2.696539702293474e308,1.0,0,550
55.77291666666667,0.1,0.9048005226212578,-2.696539702293474e308,1.0,0,551
55.87291666666667,0.1,0.9245289006293371,-2.696539702293474e308,1.0,0,552
55.97291666666667,0.1,0.9048005226212578,-2.696539702293474e308,1.0,0,553
56.072916666666664,0.1,0.8915609202625728,-2.696539702293474e308,1.0,0,554
56.172916666666666,0.1,0.8820257816254385,-2.696539702293474e308,1.0,0,555
56.27291666666667,0.06666666666666667,0.8646241189549821,-2.696539702293474e308,1.0,0,556
56.33958333333333,0.06666666666666667,0.8490578012586742,-2.696539702293474e308,1.0,0,557
56.40625,0.06666666666666667,0.8395226626215401,-2.696539702293474e308,1.0,0,558
56.47291666666667,0.06666666666666667,0.8490578012586742,-2.696539702293474e308,1.0,0,559
56.53958333333333,0.06666666666666667,0.8646241189549821,-2.696539702293474e308,1.0,0,560
56.60625,0.06666666666666667,0.8395226626215401,-2.696539702293474e308,1.0,0,561
56.672916666666666,0.06666666666666667,0.8490578012586742,-2.696539702293474e308,1.0,0,562
56.739583333333336,0.06666666666666667,0.8646241189549821,-2.696539702293474e308,1.0,0,563
56.80625,0.3,0.8125858613139496,-2.696539702293474e308,1.0,0,564
56.80625,0.1,0.0,-2.696539702293474e308,0.0,1,488
56.8625,1.6,0.0,-2.696539702293474e308,0.0,3,7
56.8625,1.6,0.0,-2.696539702293474e308,0.0,4,7
56.8625,0.1,0.0,-2.696539702293474e308,0.0,2,7
56.90625,0.1,0.0,-2.696539702293474e308,0.0,1,489
56.9625,0.1,0.6173051985945768,-2.696539702293474e308,1.0,2,8
57.00625,0.1,0.7101779606356962,-2.696539702293474e308,1.0,1,490
57.0625,0.1,0.6173051985945768,-2.696539702293474e308,1.0,2,9
57.10625,0.1,0.7371147619432866,-2.696539702293474e308,1.0,0,565
57.10625,0.1,0.7101779606356962,-2.696539702293474e308,1.0,1,491
57.1625,0.1,0.6173051985945768,-2.696539702293474e308,1.0,2,10
57.20625,0.1,0.7622162182767288,-2.696539702293474e308,1.0,0,566
57.20625,0.1,0.7101779606356962,-2.696539702293474e308,1.0,1,492
57.2625,0.1,0.6173051985945768,-2.696539702293474e308,1.0,2,11
57.30625,0.1,0.7101779606356962,-2.696539702293474e308,1.0,1,493
57.30625,0.1,0.7891530195843194,-2.696539702293474e308,1.0,0,567
57.3625,0.1,0.6173051985945768,-2.696539702293474e308,1.0,2,12
57.40625,0.1,0.7796178809471852,-2.696539702293474e308,1.0,0,568
57.40625,0.1,0.7101779606356962,-2.696539702293474e308,1.0,1,494
57.4625,0.1,0.6173051985945768,-2.696539702293474e308,1.0,2,13
57.50625,0.1,0.7101779606356962,-2.696539702293474e308,1.0,1,495
57.50625,0.1,0.7622162182767288,-2.696539702293474e308,1.0,0,569
57.5625,0.1,0.6173051985945768,-2.696539702293474e308,1.0,2,14
57.60625,0.1,0.7101779606356962,-2.696539702293474e308,1.0,1,496
57.60625,0.1,0.8125858613139496,-2.696539702293474e308,1.0,0,570
57.6625,0.1,0.6173051985945768,-2.696539702293474e308,1.0,2,15
57.70625,0.1,0.7101779606356962,-2.696539702293474e308,1.0,1,497
57.70625,0.1,0.7622162182767288,-2.696539702293474e308,1.0,0,571
57.7625,0.1,0.6173051985945768,-2.696539702293474e308,1.0,2,16
57.80625,0.1,0.8395226626215401,-2.696539702293474e308,1.0,0,572
57.80625,0.1,0.7101779606356962,-2.696539702293474e308,1.0,1,498
57.8625,0.1,0.6173051985945768,-2.696539702293474e308,1.0,2,17
57.90625,0.1,0.7101779606356962,-2.696539702293474e308,1.0,1,499
57.90625,0.1,0.7622162182767288,-2.696539702293474e308,1.0,0,573
57.9625,0.1,0.6173051985945768,-2.696539702293474e308,1.0,2,18
58.00625,0.1,0.7101779606356962,-2.696539702293474e308,1.0,1,500
58.00625,0.1,0.8125858613139496,-2.696539702293474e308,1.0,0,574
58.0625,0.1,0.6173051985945768,-2.696539702293474e308,1.0,2,19
58.10625,0.1,0.7101779606356962,-2.696539702293474e308,1.0,1,501
58.10625,0.1,0.7891530195843194,-2.696539702293474e308,1.0,0,575
58.1625,0.1,0.6173051985945768,-2.696539702293474e308,1.0,2,20
58.20625,0.1,0.7796178809471852,-2.696539702293474e308,1.0,0,576
58.20625,0.1,0.7101779606356962,-2.696539702293474e308,1.0,1,502
58.2625,0.1,0.6173051985945768,-2.696539702293474e308,1.0,2,21
58.30625,0.1,0.7622162182767288,-2.696539702293474e308,1.0,0,577
58.30625,0.1,0.0,-2.696539702293474e308,0.0,1,503
58.3625,0.1,0.0,-2.696539702293474e308,0.0,2,22
58.40625,0.1,0.7951841986434931,-2.696539702293474e308,1.0,0,578
58.40625,2.4,0.0,-2.696539702293474e308,0.0,1,504
58.4625,2.4,0.0,-2.696539702293474e308,0.0,3,8
58.4625,2.4,0.0,-2.696539702293474e308,0.0,2,23
58.4625,2.4,0.0,-2.696539702293474e308,0.0,4,8
58.50625,0.1,0.8281521790102574,-2.696539702293474e308,1.0,0,579
58.60625,0.1,0.8023926219430043,-2.696539702293474e308,1.0,0,580
58.70625,0.1,0.7796178809471852,-2.696539702293474e308,1.0,0,581
58.80625,0.1,0.8221209999510837,-2.696539702293474e308,1.0,0,582
58.90625,0.1,0.7891530195843194,-2.696539702293474e308,1.0,0,583
59.00625,0.1,0.7622162182767288,-2.696539702293474e308,1.0,0,584
59.10625,0.1,0.7891530195843194,-2.696539702293474e308,1.0,0,585
59.20625,0.1,0.7796178809471852,-2.696539702293474e308,1.0,0,586
59.30625,0.1,0.8023926219430043,-2.696539702293474e308,1.0,0,587
59.40625,0.1,0.7796178809471852,-2.696539702293474e308,1.0,0,588
59.50625,0.1,0.7526810796395946,-2.696539702293474e308,1.0,0,589
59.60625,0.1,0.7891530195843194,-2.696539702293474e308,1.0,0,590
59.70625,0.1,0.7622162182767288,-2.696539702293474e308,1.0,0,591
59.80625,0.1,0.7371147619432866,-2.696539702293474e308,1.0,0,592
59.90625,0.1,0.7622162182767288,-2.696539702293474e308,1.0,0,593
60.00625,0.1,0.7526810796395946,-2.696539702293474e308,1.0,0,594
60.10625,0.1,0.7796178809471852,-2.696539702293474e308,1.0,0,595
60.20625,0.1,0.7526810796395946,-2.696539702293474e308,1.0,0,596
60.30625,0.1,0.7197130992728302,-2.696539702293474e308,1.0,0,597
60.40625,0.1,0.7622162182767288,-2.696539702293474e308,1.0,0,598
60.50625,0.1,0.7371147619432866,-2.696539702293474e308,1.0,0,599
60.60625,0.1,0.7101779606356962,-2.696539702293474e308,1.0,0,600
60.70625,0.1,0.7371147619432866,-2.696539702293474e308,1.0,0,601
60.80625,0.13333333333333333,0.6772099802689318,-2.696539702293474e308,1.0,1,505
60.80625,0.13333333333333333,0.7371147619432866,-2.696539702293474e308,1.0,0,602
60.8625,3.3333333333333335,0.0,-2.696539702293474e308,0.0,4,9
60.8625,3.3333333333333335,0.0,-2.696539702293474e308,0.0,3,9
60.8625,0.13333333333333333,0.6173051985945768,-2.696539702293474e308,1.0,2,24
60.93958333333333,0.13333333333333333,0.7197130992728302,-2.696539702293474e308,1.0,1,506
60.93958333333333,0.13333333333333333,0.7526810796395946,-2.696539702293474e308,1.0,0,603
60.99583333333333,0.13333333333333333,0.6173051985945768,-2.696539702293474e308,1.0,2,25
61.072916666666664,0.13333333333333333,0.7796178809471852,-2.696539702293474e308,1.0,0,604
61.072916666666664,0.13333333333333333,0.7197130992728302,-2.696539702293474e308,1.0,1,507
61.12916666666667,0.13333333333333333,0.6173051985945768,-2.696539702293474e308,1.0,2,26
61.20625,0.13333333333333333,0.8023926219430043,-2.696539702293474e308,1.0,0,605
61.20625,0.13333333333333333,0.7197130992728302,-2.696539702293474e308,1.0,1,508
61.2625,0.13333333333333333,0.6173051985945768,-2.696539702293474e308,1.0,2,27
61.33958333333333,0.13333333333333333,0.7796178809471852,-2.696539702293474e308,1.0,0,606
61.33958333333333,0.13333333333333333,0.7197130992728302,-2.696539702293474e308,1.0,1,509
61.395833333333336,0.13333333333333333,0.6173051985945768,-2.696539702293474e308,1.0,2,28
61.47291666666667,0.13333333333333333,0.7891530195843194,-2.696539702293474e308,1.0,0,607
61.47291666666667,0.13333333333333333,0.7197130992728302,-2.696539702293474e308,1.0,1,510
61.52916666666667,0.13333333333333333,0.6173051985945768,-2.696539702293474e308,1.0,2,29
61.60625,0.13333333333333333,0.8221209999510837,-2.696539702293474e308,1.0,0,608
61.60625,0.13333333333333333,0.7197130992728302,-2.696539702293474e308,1.0,1,511
61.6625,0.13333333333333333,0.6173051985945768,-2.696539702293474e308,1.0,2,30
61.739583333333336,0.13333333333333333,0.8646241189549821,-2.696539702293474e308,1.0,0,609
61.739583333333336,0.13333333333333333,0.7197130992728302,-2.696539702293474e308,1.0,1,512
61.795833333333334,0.13333333333333333,0.6173051985945768,-2.696539702293474e308,1.0,2,31
61.87291666666667,0.13333333333333333,0.8395226626215401,-2.696539702293474e308,1.0,0,610
61.87291666666667,0.13333333333333333,0.7197130992728302,-2.696539702293474e308,1.0,1,513
61.92916666666667,0.13333333333333333,0.6173051985945768,-2.696539702293474e308,1.0,2,32
62.00625,0.13333333333333333,0.8646241189549821,-2.696539702293474e308,1.0,0,611
62.00625,0.13333333333333333,0.7197130992728302,-2.696539702293474e308,1.0,1,514
62.0625,0.13333333333333333,0.6173051985945768,-2.696539702293474e308,1.0,2,33
62.139583333333334,0.13333333333333333,0.7197130992728302,-2.696539702293474e308,1.0,1,515
62.139583333333334,0.13333333333333333,0.8915609202625728,-2.696539702293474e308,1.0,0,612
62.19583333333333,0.13333333333333333,0.6173051985945768,-2.696539702293474e308,1.0,2,34
62.27291666666667,0.13333333333333333,0.7197130992728302,-2.696539702293474e308,1.0,1,516
62.27291666666667,0.13333333333333333,0.9245289006293371,-2.696539702293474e308,1.0,0,613
62.329166666666666,0.13333333333333333,0.6173051985945768,-2.696539702293474e308,1.0,2,35
62.40625,0.13333333333333333,0.9149937619922028,-2.696539702293474e308,1.0,0,614
62.40625,0.13333333333333333,0.7197130992728302,-2.696539702293474e308,1.0,1,517
62.4625,0.13333333333333333,0.6173051985945768,-2.696539702293474e308,1.0,2,36
62.53958333333333,0.13333333333333333,0.9245289006293371,-2.696539702293474e308,1.0,0,615
62.53958333333333,0.13333333333333333,0.7197130992728302,-2.696539702293474e308,1.0,1,518
62.59583333333333,0.13333333333333333,0.6173051985945768,-2.696539702293474e308,1.0,2,37
62.672916666666666,0.13333333333333333,0.7197130992728302,-2.696539702293474e308,1.0,1,519
62.672916666666666,0.13333333333333333,0.8820257816254385,-2.696539702293474e308,1.0,0,616
62.729166666666664,0.13333333333333333,0.6173051985945768,-2.696539702293474e308,1.0,2,38
62.80625,0.13333333333333333,0.7197130992728302,-2.696539702293474e308,1.0,1,520
62.80625,0.13333333333333333,0.8646241189549821,-2.696539702293474e308,1.0,0,617
62.8625,0.13333333333333333,0.6173051985945768,-2.696539702293474e308,1.0,2,39
62.93958333333333,0.13333333333333333,0.8395226626215401,-2.696539702293474e308,1.0,0,618
62.93958333333333,0.13333333333333333,0.7197130992728302,-2.696539702293474e308,1.0,1,521
62.99583333333333,0.13333333333333333,0.6173051985945768,-2.696539702293474e308,1.0,2,40
63.072916666666664,0.13333333333333333,0.8550889803178481,-2.696539702293474e308,1.0,0,619
63.072916666666664,0.13333333333333333,0.7197130992728302,-2.696539702293474e308,1.0,1,522
63.12916666666667,0.13333333333333333,0.6173051985945768,-2.696539702293474e308,1.0,2,41
63.20625,0.13333333333333333,0.7197130992728302,-2.696539702293474e308,1.0,1,523
63.20625,0.13333333333333333,0.8550889803178481,-2.696539702293474e308,1.0,0,620
63.2625,0.13333333333333333,0.6173051985945768,-2.696539702293474e308,1.0,2,42
63.33958333333333,0.13333333333333333,0.7197130992728302,-2.696539702293474e308,1.0,1,524
63.33958333333333,0.13333333333333333,0.8550889803178481,-2.696539702293474e308,1.0,0,621
63.395833333333336,0.13333333333333333,0.6173051985945768,-2.696539702293474e308,1.0,2,43
63.47291666666667,0.13333333333333333,0.7197130992728302,-2.696539702293474e308,1.0,1,525
63.47291666666667,0.13333333333333333,0.8550889803178481,-2.696539702293474e308,1.0,0,622
63.52916666666667,0.13333333333333333,0.6173051985945768,-2.696539702293474e308,1.0,2,44
63.60625,0.5333333333333333,0.0,-2.696539702293474e308,0.0,0,623
63.60625,0.13333333333333333,0.7197130992728302,-2.696539702293474e308,1.0,1,526
63.6625,0.13333333333333333,0.6173051985945768,-2.696539702293474e308,1.0,2,45
63.739583333333336,0.4,0.0,-2.696539702293474e308,0.0,1,527
63.795833333333334,0.13333333333333333,0.6173051985945768,-2.696539702293474e308,1.0,2,46
63.92916666666667,0.13333333333333333,0.6173051985945768,-2.696539702293474e308,1.0,2,47
64.0625,0.13333333333333333,0.6173051985945768,-2.696539702293474e308,1.0,2,48
